{
"type": "FeatureCollection",
"name": "bc-nr-regions",
"crs": { "type": "name", "properties": { "name": "urn:ogc:def:crs:EPSG::3005" } },
"features": [
{ "type": "Feature", "properties": { "id": "WHSE_ADMIN_BOUNDARIES.ADM_NR_REGIONS_SPG.Skeena Natural Resource Region", "REGION_NAME": "Skeena Natural Resource Region", "ORG_UNIT": "RSK", "ORG_UNIT_NAME": "Skeena Natural Resource Region", "FEATURE_CODE": "FM90000010", "FEATURE_NAME": "Natural Resource Region", "OBJECTID": 3637, "SE_ANNO_CAD_DATA": null, "FEATURE_AREA_SQM": 263214618474.01099, "FEATURE_LENGTH_M": 5041658.5878 }, "geometry": { "type": "Polygon", "coordinates": [ [ [ 906990.956699999980628, 1480307.7888 ], [ 901594.029499999945983, 1481031.805299999890849 ], [ 899446.555399999953806, 1478025.307500000111759 ], [ 899054.033300000010058, 1476838.1863 ], [ 901532.9447, 1475373.5508 ], [ 901087.184, 1474372.2345 ], [ 901959.930199999944307, 1473000.8852 ], [ 901806.7489, 1471529.432500000111759 ], [ 902996.2317, 1470754.6453 ], [ 901576.101600000052713, 1469909.9485 ], [ 901780.345100000035018, 1469026.070800000103191 ], [ 900548.4558, 1467712.5016 ], [ 900839.13, 1466151.2574 ], [ 904100.898799999966286, 1463660.7505 ], [ 908082.255400000023656, 1464981.504600000102073 ], [ 908975.899699999950826, 1462653.8388 ], [ 911192.295200000051409, 1462252.8827 ], [ 912265.121700000017881, 1462988.043 ], [ 917359.8604, 1458363.2038 ], [ 915105.979900000034831, 1456974.6457 ], [ 914896.627100000041537, 1455311.7377 ], [ 913272.620699999970384, 1454875.784 ], [ 912070.837700000032783, 1450173.9051 ], [ 909917.991999999969266, 1447647.4845 ], [ 907122.99910000001546, 1447177.7011 ], [ 906047.393200000049546, 1445284.6304 ], [ 906409.671899999957532, 1444593.6003 ], [ 907844.212599999969825, 1443849.017 ], [ 907870.9253, 1442572.3569 ], [ 911719.73120000003837, 1440652.771 ], [ 910823.317000000039116, 1438761.8669 ], [ 912603.343600000021979, 1437335.8338 ], [ 913247.6544, 1435398.9752 ], [ 916356.9039000000339, 1437113.9867 ], [ 919062.9915, 1436844.4984 ], [ 919843.252300000051036, 1439305.5032 ], [ 921815.319299999973737, 1439178.0968 ], [ 922490.260200000018813, 1440541.8764 ], [ 924392.817400000058115, 1439843.7549 ], [ 925537.660000000032596, 1437023.369 ], [ 924609.238699999987148, 1436310.339 ], [ 924975.744700000039302, 1434087.926200000103563 ], [ 923613.591299999970943, 1432556.056 ], [ 923875.9079, 1431111.691000000108033 ], [ 923184.316899999976158, 1430137.7506 ], [ 925349.010699999984354, 1429997.3325 ], [ 925835.822200000053272, 1428540.1413 ], [ 925076.3162, 1426850.313 ], [ 931937.728400000021793, 1424149.346700000111014 ], [ 935088.989399999962188, 1425664.5318 ], [ 940127.477199999964796, 1426543.2007 ], [ 941069.500299999956042, 1428622.3317 ], [ 940468.602900000056252, 1429423.4286 ], [ 941734.927099999971688, 1430413.903299999888986 ], [ 942602.481099999975413, 1432989.492799999890849 ], [ 944916.449999999953434, 1434362.9374 ], [ 946507.79929999995511, 1434184.6424 ], [ 948080.1568, 1430760.1577 ], [ 946892.81070000003092, 1429106.4502 ], [ 948433.247699999948964, 1427923.9948 ], [ 947927.598899999982677, 1426379.9755 ], [ 948698.603600000031292, 1424133.6266 ], [ 943752.033999999985099, 1423396.59 ], [ 941815.088699999963865, 1419694.1627 ], [ 943364.159699999960139, 1418588.1626 ], [ 944329.475199999986216, 1412862.6236 ], [ 947704.06519999995362, 1412567.5462 ], [ 949761.584400000050664, 1410948.0548 ], [ 948389.0516, 1404778.3251 ], [ 949158.01390000001993, 1403333.4565 ], [ 951654.746900000027381, 1402615.6946 ], [ 953776.808300000033341, 1399457.6998 ], [ 952510.524100000038743, 1398237.269799999892712 ], [ 950635.32929999998305, 1398186.1165 ], [ 950081.2428, 1397198.7077 ], [ 947811.503400000045076, 1396653.241300000110641 ], [ 947180.272, 1397220.7904 ], [ 944168.781700000050478, 1394523.8815 ], [ 941634.62210000003688, 1395207.001 ], [ 941020.506999999983236, 1394262.531600000103936 ], [ 939784.2082, 1395173.5693 ], [ 937937.60530000005383, 1391389.9677 ], [ 936217.113999999943189, 1392043.4418 ], [ 935838.068699999945238, 1393191.6978 ], [ 934134.10820000001695, 1392787.6542 ], [ 931424.635, 1394513.863700000103563 ], [ 932037.335199999972247, 1398303.2273 ], [ 929937.634300000034273, 1402177.6233 ], [ 929060.98120000003837, 1402348.1367 ], [ 927770.633099999977276, 1400984.0344 ], [ 925441.225699999951757, 1400862.9479 ], [ 923143.1766, 1399336.5625 ], [ 921043.271100000012666, 1399810.3587 ], [ 920335.86289999994915, 1397928.6726 ], [ 921152.426199999987148, 1395616.6 ], [ 920433.941899999976158, 1393714.1549 ], [ 921145.845100000035018, 1392512.360399999888614 ], [ 920752.158999999985099, 1391817.1791 ], [ 922382.838299999944866, 1390021.6153 ], [ 920602.009199999971315, 1389470.4816 ], [ 920554.9288, 1388540.4459 ], [ 922138.983499999972992, 1386772.1576 ], [ 921759.035299999988638, 1384103.9602 ], [ 917810.182999999960884, 1383160.4687 ], [ 916882.37769999995362, 1381091.6121 ], [ 911451.9582, 1378316.4282 ], [ 912729.73340000002645, 1376372.1394 ], [ 912449.9181, 1374987.6325 ], [ 909309.309, 1371490.1597 ], [ 909854.116400000057183, 1370330.5482 ], [ 908649.574000000022352, 1367937.8577 ], [ 907422.491000000038184, 1367340.5698 ], [ 908206.1803, 1366503.4833 ], [ 906867.705399999977089, 1364006.5088 ], [ 911518.285999999963678, 1359902.5155 ], [ 909405.327599999960512, 1355719.8804 ], [ 908411.042299999971874, 1356169.3772 ], [ 907718.741999999969266, 1354651.0278 ], [ 905341.885200000018813, 1353044.388499999884516 ], [ 904265.326899999985471, 1352829.8686 ], [ 901222.517600000021048, 1355618.8264 ], [ 898970.753999999957159, 1355979.828200000105426 ], [ 898785.403799999970943, 1356852.580800000112504 ], [ 900474.426800000015646, 1359486.8107 ], [ 898324.268000000040047, 1362556.8879 ], [ 898626.972100000013597, 1363364.0614 ], [ 896922.962599999969825, 1364701.1 ], [ 896889.059, 1367713.2951 ], [ 895447.4399, 1368536.0327 ], [ 892988.488699999987148, 1366404.7488 ], [ 892063.337700000032783, 1366706.7006 ], [ 889808.255400000023656, 1365462.2793 ], [ 888513.666399999987334, 1363558.7015 ], [ 888666.292000000015832, 1362132.2092 ], [ 887557.366000000038184, 1361748.4474 ], [ 885064.133099999977276, 1357873.072300000116229 ], [ 885355.862700000056066, 1357193.6412 ], [ 882575.946800000034273, 1356013.6262 ], [ 882691.807099999976344, 1354287.7751 ], [ 886593.843100000056438, 1353733.729499999899417 ], [ 887184.1433, 1351068.802699999883771 ], [ 886503.1901, 1349644.9671 ], [ 883295.845800000010058, 1351032.5914 ], [ 880275.196899999980815, 1350083.5287 ], [ 878246.884199999971315, 1353482.303 ], [ 877740.04280000005383, 1351835.0992 ], [ 876510.979799999971874, 1351171.856300000101328 ], [ 876925.781399999978021, 1349724.594100000103936 ], [ 874602.79949999996461, 1349707.3671 ], [ 873413.972700000042096, 1351162.0034 ], [ 874232.238400000031106, 1353193.343399999896064 ], [ 873293.926100000040606, 1354107.6787 ], [ 873209.804099999950267, 1355670.0545 ], [ 870862.733800000045449, 1357100.558600000105798 ], [ 869580.194999999948777, 1356099.5932 ], [ 868593.7476, 1357157.115 ], [ 865401.90949999995064, 1354952.973 ], [ 864693.754900000058115, 1352483.1661 ], [ 861414.617899999953806, 1350695.617 ], [ 858765.339099999982864, 1351621.4668 ], [ 857538.563199999975041, 1349504.0086 ], [ 856354.927299999981187, 1349691.0282 ], [ 855397.022499999962747, 1348351.6442 ], [ 855165.070399999967776, 1344417.3472 ], [ 852285.741400000057183, 1342253.6505 ], [ 851052.27800000004936, 1343848.9006 ], [ 846809.413599999970756, 1345176.4161 ], [ 846227.597700000042096, 1348600.1983 ], [ 845131.11199999996461, 1348416.305299999890849 ], [ 844201.991999999969266, 1349321.4571 ], [ 844919.272800000035204, 1351890.4056 ], [ 842869.047000000020489, 1355015.5844 ], [ 839824.136900000041351, 1355937.632200000109151 ], [ 839519.897899999981746, 1356799.0197 ], [ 838513.70429999998305, 1356248.186599999899045 ], [ 838269.273000000044703, 1354451.4185 ], [ 835904.7437, 1352684.7209 ], [ 835051.420799999963492, 1347453.7183 ], [ 831713.902, 1345251.824500000104308 ], [ 831051.000299999956042, 1343955.1022 ], [ 834873.476000000024214, 1341742.4076 ], [ 835300.752300000051036, 1336817.5356 ], [ 838014.811299999943003, 1333251.5439 ], [ 837069.3188, 1331750.1143 ], [ 837975.987399999983609, 1330582.726500000106171 ], [ 837395.487100000027567, 1329653.7494 ], [ 838212.060799999977462, 1327998.1094 ], [ 836293.226000000024214, 1326382.5843 ], [ 835794.432799999951385, 1324948.3139 ], [ 836529.071, 1323703.2728 ], [ 838167.847199999960139, 1323154.0012 ], [ 839699.829000000027008, 1323853.121 ], [ 841716.801899999962188, 1320355.5388 ], [ 843295.564200000022538, 1320028.2046 ], [ 844260.855899999965914, 1321092.7277 ], [ 845684.000800000037998, 1319727.1715 ], [ 848002.910099999979138, 1319217.7271 ], [ 849844.555999999982305, 1315833.7246 ], [ 849663.973099999944679, 1313348.2097 ], [ 851341.664100000052713, 1311332.7332 ], [ 852201.93370000005234, 1311351.1717 ], [ 852193.755400000023656, 1309893.8705 ], [ 855063.058399999979883, 1309614.122599999886006 ], [ 857323.50089999998454, 1307502.723 ], [ 858362.707900000037625, 1309021.2936 ], [ 860373.4105, 1308130.7225 ], [ 861356.119399999966845, 1308676.5597 ], [ 864125.468100000056438, 1306463.9974 ], [ 865638.261199999949895, 1308111.0375 ], [ 866272.713299999944866, 1307452.8492 ], [ 866199.309400000027381, 1305096.0938 ], [ 868071.164699999964796, 1304942.0094 ], [ 868818.4229, 1303276.6956 ], [ 867008.362100000027567, 1301048.8281 ], [ 867461.890499999979511, 1299782.3588 ], [ 866047.378900000010617, 1298695.2051 ], [ 866229.617300000041723, 1297183.4984 ], [ 868895.804, 1296694.0753 ], [ 870479.176199999987148, 1295513.5955 ], [ 871568.386700000031851, 1296915.6423 ], [ 870635.8654, 1297472.2958 ], [ 870432.011799999978393, 1298781.2643 ], [ 872362.587900000042282, 1299854.2586 ], [ 874220.1568, 1298400.033 ], [ 874934.969799999962561, 1296744.3025 ], [ 876633.459099999978207, 1296394.4312 ], [ 877593.392100000055507, 1294307.5635 ], [ 876830.801899999962188, 1293530.8602 ], [ 877624.194000000017695, 1291641.5089 ], [ 881741.269199999980628, 1292438.9675 ], [ 883243.8617, 1293458.9745 ], [ 884651.742699999944307, 1288309.7923 ], [ 887070.318399999989197, 1286633.6707 ], [ 888406.567700000014156, 1284472.2715 ], [ 887551.242100000032224, 1283049.1934 ], [ 882144.003200000035577, 1284738.3304 ], [ 880595.716999999945983, 1284235.9128 ], [ 880529.215199999976903, 1283335.7606 ], [ 877972.962599999969825, 1282669.4256 ], [ 878803.525600000051782, 1280764.9848 ], [ 878136.323100000037812, 1278902.2638 ], [ 878340.023999999975786, 1275008.6458 ], [ 875643.798799999989569, 1274144.7355 ], [ 873199.4031, 1270673.3394 ], [ 871860.368000000016764, 1270972.5406 ], [ 870571.622699999948964, 1270133.6897 ], [ 867573.257100000046194, 1273643.6233 ], [ 867241.1411, 1275365.648499999893829 ], [ 863462.525000000023283, 1271976.251 ], [ 861228.349999999976717, 1271857.0692 ], [ 859505.694000000017695, 1270518.8807 ], [ 861212.236200000043027, 1266936.1838 ], [ 862814.92000000004191, 1265533.7115 ], [ 863817.349700000020675, 1265822.3146 ], [ 865637.218100000056438, 1264172.0242000001017 ], [ 867426.8604, 1264763.1896 ], [ 869024.317400000058115, 1264199.3163 ], [ 870742.505499999970198, 1259585.0069 ], [ 868709.059699999983422, 1258791.7806 ], [ 863304.6541000000434, 1258817.515700000105426 ], [ 862887.409899999969639, 1256354.126299999887124 ], [ 857939.494300000020303, 1251830.4989 ], [ 859518.6851, 1248965.1276 ], [ 857464.476200000033714, 1248608.3113 ], [ 857696.399899999960326, 1247463.374099999899045 ], [ 856951.1178, 1246947.2585 ], [ 857767.036100000026636, 1245162.064900000113994 ], [ 857045.796899999957532, 1244011.767 ], [ 858021.241799999959767, 1241818.4108 ], [ 860449.1481, 1240678.976899999892339 ], [ 862352.731600000057369, 1237809.6187 ], [ 863300.635299999965355, 1238228.7533 ], [ 864402.589400000055321, 1236427.3358 ], [ 863961.981900000013411, 1235699.4825 ], [ 866543.606000000028871, 1233763.5133 ], [ 866567.697000000043772, 1235593.084500000113621 ], [ 867340.314099999959581, 1235392.4354 ], [ 868009.265800000051968, 1236334.0886 ], [ 867526.691899999976158, 1237911.5482 ], [ 868941.523000000044703, 1238738.2 ], [ 868921.002499999944121, 1240572.4184 ], [ 867353.838299999944866, 1243194.8129 ], [ 867549.195799999986775, 1245697.3895 ], [ 870192.988099999958649, 1244959.0306 ], [ 869670.157200000016019, 1246378.3664 ], [ 870588.62, 1247253.293 ], [ 872602.3591, 1245820.3036 ], [ 873706.106799999950454, 1246425.347800000105053 ], [ 873663.249300000024959, 1247293.2478 ], [ 876446.335399999981746, 1248203.639600000111386 ], [ 877361.124700000043958, 1249878.4517 ], [ 879902.427400000044145, 1246742.8816 ], [ 880069.627800000016578, 1244148.8987 ], [ 882041.1851, 1241443.3956 ], [ 883288.661899999948218, 1242318.5226 ], [ 884539.329900000011548, 1245308.6402 ], [ 883529.903799999970943, 1250157.8648 ], [ 884547.638999999966472, 1251179.929199999896809 ], [ 886884.5821, 1251933.6069 ], [ 887377.519899999955669, 1250986.2041 ], [ 889263.439400000032037, 1250608.179199999896809 ], [ 889720.247699999948964, 1248513.2952 ], [ 891500.152, 1247736.3821 ], [ 892342.974900000030175, 1247659.028299999888986 ], [ 893328.809400000027381, 1249335.683999999891967 ], [ 895416.478299999958836, 1247402.2781 ], [ 896709.528700000024401, 1248219.9625 ], [ 897178.66980000003241, 1249610.7155 ], [ 899022.542400000034831, 1249068.7932 ], [ 899964.997899999958463, 1246007.4555 ], [ 902634.286199999973178, 1245653.0059 ], [ 905815.787400000030175, 1246884.8172 ], [ 906927.492399999988265, 1246579.0412 ], [ 907476.852399999974295, 1245808.7786 ], [ 907050.20519999996759, 1243546.1897 ], [ 908506.3127, 1242156.0535 ], [ 912619.639500000048429, 1242741.2577 ], [ 914182.623799999943003, 1242175.1378 ], [ 914485.222599999979138, 1241102.3942 ], [ 913783.326299999956973, 1240220.0192 ], [ 914612.6457, 1237436.085 ], [ 914300.6089, 1236355.694700000109151 ], [ 912987.948899999959394, 1235746.9257 ], [ 912842.323100000037812, 1233957.8732 ], [ 915697.546100000035949, 1231825.7336 ], [ 918654.189699999988079, 1231920.0465 ], [ 920092.157, 1229699.4175 ], [ 919513.088100000051782, 1228005.3148 ], [ 921893.364599999971688, 1226028.0233 ], [ 922015.280299999983981, 1224438.1469 ], [ 924656.01659999997355, 1222723.4445 ], [ 926387.808500000042841, 1218830.2665 ], [ 929824.645800000056624, 1219554.039000000106171 ], [ 932809.301899999962188, 1217977.6985 ], [ 934375.840100000030361, 1215897.9037 ], [ 936220.9142, 1216442.7493 ], [ 935146.823199999984354, 1222596.7308 ], [ 936666.659899999969639, 1224078.4818 ], [ 937260.054299999959767, 1222453.8805 ], [ 939931.644500000053085, 1221871.063 ], [ 943496.910999999963678, 1218828.8306 ], [ 945093.167299999971874, 1219385.8536 ], [ 945707.605699999956414, 1217253.2119 ], [ 942349.028500000014901, 1213953.6808 ], [ 943378.9423, 1211962.3747 ], [ 944883.3589, 1211224.8296 ], [ 946011.964200000045821, 1205901.66 ], [ 950804.109599999967031, 1201110.571199999889359 ], [ 954018.691899999976158, 1199509.5317 ], [ 952699.62879999994766, 1198302.438799999887124 ], [ 952905.89359999995213, 1194350.4594 ], [ 957310.894100000034086, 1191472.3318 ], [ 958027.69039999996312, 1189832.2485 ], [ 958993.191699999966659, 1190424.401800000108778 ], [ 963140.018999999971129, 1185485.6567 ], [ 964358.231299999984913, 1184920.1058 ], [ 966307.636500000022352, 1186144.370000000111759 ], [ 967016.726799999945797, 1183403.7037 ], [ 969864.902299999957904, 1182763.5424 ], [ 969871.049600000027567, 1178976.1502 ], [ 974461.817799999960698, 1176274.4664 ], [ 974445.99730000004638, 1173440.0758 ], [ 975771.15749999997206, 1171817.1287 ], [ 973909.535299999988638, 1169477.0916 ], [ 974563.9904, 1166066.6833 ], [ 977204.260699999984354, 1164518.3006 ], [ 977753.948199999984354, 1161388.4134 ], [ 977126.6923, 1160846.5176 ], [ 978400.74620000005234, 1159521.8512 ], [ 978332.469000000040978, 1157602.925499999895692 ], [ 980508.3848, 1156488.2496 ], [ 980891.288300000014715, 1155087.5107 ], [ 982043.337000000057742, 1155482.3662 ], [ 983074.19129999994766, 1153756.1993 ], [ 985153.506500000017695, 1153044.5603 ], [ 983728.666300000040792, 1150499.9047 ], [ 982954.8837, 1150404.9154 ], [ 983196.730699999956414, 1149641.7604 ], [ 989870.8173, 1142752.491699999896809 ], [ 992233.090699999942444, 1133456.531600000103936 ], [ 995997.619399999966845, 1132597.2896 ], [ 995674.201299999956973, 1130497.7516 ], [ 996410.9632, 1129662.0388 ], [ 998173.243999999947846, 1130206.0506 ], [ 1002380.6207, 1128669.4531 ], [ 1002826.1617, 1126654.4749 ], [ 1004380.6137, 1126859.1457 ], [ 1004486.1773, 1126304.7115 ], [ 1002558.4019, 1125656.3901 ], [ 1003463.7582, 1123664.6068 ], [ 1004306.8549, 1123515.48 ], [ 1005032.6397, 1124496.7829 ], [ 1008318.9452, 1123619.7344 ], [ 1015419.6712, 1113689.4824 ], [ 1018476.0021, 1114421.410300000105053 ], [ 1021232.2783, 1108897.5466 ], [ 1022345.9726, 1109303.8199 ], [ 1026485.8541, 1108014.6604 ], [ 1027370.5165, 1106464.8806 ], [ 1029460.2514, 1107206.2063 ], [ 1032012.2402, 1104668.1806 ], [ 1031958.5174, 1102110.3897 ], [ 1033472.5412, 1102319.6869 ], [ 1034811.8629, 1100933.222 ], [ 1032675.2043, 1099183.2145 ], [ 1030952.9817, 1098297.169199999887496 ], [ 1029194.9835, 1098576.7972 ], [ 1028889.0929, 1097417.513 ], [ 1027775.7743, 1097264.7048 ], [ 1028744.5263, 1095749.143 ], [ 1030268.5707, 1095170.2595 ], [ 1029129.6199, 1094629.484299999894574 ], [ 1031644.4713, 1092115.4814 ], [ 1031703.799, 1089856.5086 ], [ 1032586.247, 1089705.819700000109151 ], [ 1031834.881, 1089330.6065 ], [ 1032963.6703, 1088443.6338 ], [ 1032999.0601, 1082708.697300000116229 ], [ 1031365.6734, 1082738.0042 ], [ 1031317.0523, 1081862.6664 ], [ 1029852.6763, 1081603.0781 ], [ 1027592.4526, 1078556.1136 ], [ 1026175.4532, 1078059.3437 ], [ 1026398.1727, 1076217.3807 ], [ 1025622.8266, 1075459.4232 ], [ 1026474.4287, 1074634.7762 ], [ 1025251.7493, 1073582.278299999888986 ], [ 1024055.3458, 1068912.0964 ], [ 1024572.1191, 1067274.2335 ], [ 1026529.466, 1066760.9548 ], [ 1027291.3546, 1067789.313799999887124 ], [ 1028289.7661, 1067385.4636 ], [ 1028264.9414, 1065580.3679 ], [ 1027098.9859, 1065220.5707 ], [ 1027252.952, 1062613.1425 ], [ 1031497.6052, 1058697.1012 ], [ 1032607.5328, 1059711.242799999890849 ], [ 1031723.6271, 1060451.281600000103936 ], [ 1032845.5218, 1062333.067499999888241 ], [ 1036968.6575, 1060022.4734 ], [ 1038248.4488, 1061386.1811 ], [ 1040433.6983, 1059926.9116 ], [ 1043905.5463, 1060918.7049 ], [ 1044798.4966, 1060099.6895 ], [ 1045892.4242, 1060770.8655 ], [ 1047606.4758, 1059830.3802 ], [ 1052245.9601, 1060715.5902 ], [ 1052265.15, 1058191.6221 ], [ 1060287.7003, 1058252.1547 ], [ 1060330.3108, 1055027.5744 ], [ 1061934.870399999897927, 1055037.374099999899045 ], [ 1061944.8464, 1053423.9705 ], [ 1063549.414000000106171, 1053433.7558 ], [ 1065600.933600000105798, 1051151.8293 ], [ 1068461.239099999889731, 1051648.6572 ], [ 1069886.379999999888241, 1052730.9024 ], [ 1073096.4663, 1051245.2649 ], [ 1071991.9888, 1049776.1707 ], [ 1072071.2792, 1047364.2272 ], [ 1070034.6773, 1046652.5444 ], [ 1070062.1454, 1044634.1102 ], [ 1067860.8886, 1042350.7787 ], [ 1061505.4844, 1041809.5602 ], [ 1061694.1249, 1040826.2645 ], [ 1063550.3024, 1039707.4626 ], [ 1061332.273, 1038286.7183 ], [ 1066814.516, 1035498.0688 ], [ 1065658.9339, 1033670.0102 ], [ 1064841.293800000101328, 1034189.1915 ], [ 1062504.2108, 1033231.9835 ], [ 1065928.6402, 1031299.0736 ], [ 1065980.9966, 1026640.2954 ], [ 1063794.408099999884143, 1025761.4578 ], [ 1063617.9117, 1024694.8852 ], [ 1061917.7828, 1024394.7564 ], [ 1061174.4131, 1023363.0271 ], [ 1059459.5413, 1023802.1973 ], [ 1058397.0773, 1023084.2285 ], [ 1059757.543, 1019215.0698 ], [ 1058918.7459, 1018110.2553 ], [ 1056057.1727, 1017670.0875 ], [ 1056223.840799999888986, 1016160.4449 ], [ 1057460.5628, 1015245.4803 ], [ 1057556.7518, 1010886.1831 ], [ 1056366.2719, 1010071.5958 ], [ 1056457.571, 1003099.4753 ], [ 1052101.0857, 1003467.6085 ], [ 1050754.199500000104308, 1004652.9223 ], [ 1048067.332, 1004378.9037 ], [ 1047048.2948, 1006642.1353 ], [ 1046208.2542, 1006738.5883 ], [ 1045861.3603, 1002321.6554 ], [ 1042732.0149, 1000814.0312 ], [ 1042952.7975, 987744.827700000023469 ], [ 1045441.0426, 986608.378200000035577 ], [ 1046513.5523, 987405.772499999962747 ], [ 1047916.443, 986911.445100000011735 ], [ 1049349.7856, 983997.263700000010431 ], [ 1050967.2246, 983331.2857 ], [ 1053348.3513, 984726.318500000052154 ], [ 1054825.3424, 984337.4155 ], [ 1055583.8786, 985691.598299999954179 ], [ 1059734.4231, 985848.9608 ], [ 1060257.435, 983840.571899999980815 ], [ 1061597.4497, 984545.957500000018626 ], [ 1063809.9367, 983573.9767 ], [ 1063981.0248, 981837.689400000032037 ], [ 1061724.373700000112876, 980100.98120000003837 ], [ 1060055.2544, 976513.5856 ], [ 1057786.5625, 976867.12210000003688 ], [ 1056870.7091, 975088.407299999962561 ], [ 1057349.3642, 974293.812799999956042 ], [ 1056400.95, 973347.834999999962747 ], [ 1059406.590400000102818, 970821.919699999969453 ], [ 1059552.828599999891594, 968559.692700000014156 ], [ 1060279.6325, 968357.375 ], [ 1060447.4823, 953722.005299999960698 ], [ 1059447.2477, 954398.838100000051782 ], [ 1056452.4279, 953819.207799999974668 ], [ 1053552.2712, 956163.290599999949336 ], [ 1049234.2294, 956139.772499999962747 ], [ 1046085.2944, 957517.746999999973923 ], [ 1044874.6993, 957317.865499999956228 ], [ 1044035.2962, 955793.527699999976903 ], [ 1039989.7746, 955940.46840000001248 ], [ 1038731.1026, 953599.736000000033528 ], [ 1040558.387, 950370.391399999964051 ], [ 1042579.1881, 949868.916699999943376 ], [ 1041725.844, 948128.613200000021607 ], [ 1042855.0653, 946765.045099999988452 ], [ 1045175.6071, 946646.912699999986216 ], [ 1047173.7977, 945285.677799999946728 ], [ 1048863.9503, 946402.728400000021793 ], [ 1050656.0463, 945287.332700000028126 ], [ 1052468.9074, 946457.102599999983795 ], [ 1052175.8992000001017, 941741.6263 ], [ 1054265.3838, 940820.4534 ], [ 1054727.0636, 939290.385800000047311 ], [ 1055982.7961, 939429.645400000037625 ], [ 1057387.0139, 938456.575300000025891 ], [ 1058707.5806, 939243.909800000023097 ], [ 1058778.4742, 934033.434699999983422 ], [ 1054435.0781, 934191.636799999978393 ], [ 1053635.3362, 935046.996700000017881 ], [ 1049759.9334, 934107.190300000016578 ], [ 1049077.455, 934952.443500000052154 ], [ 1045500.2879, 929763.078800000017509 ], [ 1044187.8071, 929728.6359 ], [ 1042870.8028, 926708.420099999988452 ], [ 1039336.9388, 925767.1997 ], [ 1038205.5951, 923937.101999999955297 ], [ 1037035.1289, 923778.2415 ], [ 1037065.4239, 920292.3127 ], [ 1036103.697, 917534.20050000003539 ], [ 1034607.201, 916839.7918 ], [ 1031773.7493, 912236.6322 ], [ 1028814.5016, 910994.877199999988079 ], [ 1028197.7965, 908648.911399999982677 ], [ 1027126.439, 907815.0148 ], [ 1028307.4301, 906195.148500000010245 ], [ 1028003.7113, 904767.520499999984168 ], [ 1024824.2098, 900934.917299999971874 ], [ 1022808.8184, 901904.505299999960698 ], [ 1020384.4519, 899615.970500000054017 ], [ 1019597.551, 900790.8491 ], [ 1018580.6919, 900364.373400000040419 ], [ 1018450.2263, 901344.503000000026077 ], [ 1017649.9884, 901381.006999999983236 ], [ 1015237.8058, 898557.76 ], [ 1015278.9455, 911152.1677 ], [ 993765.837199999950826, 911506.98430000001099 ], [ 991426.423199999961071, 908630.770800000056624 ], [ 990156.69039999996312, 908634.1568 ], [ 989574.50269999995362, 910135.642100000055507 ], [ 987749.102300000027753, 908309.278599999961443 ], [ 986952.687900000018999, 909056.258299999986775 ], [ 986465.184200000017881, 908308.24730000004638 ], [ 985131.307999999960884, 908569.198699999949895 ], [ 985241.533500000019558, 907742.792600000044331 ], [ 984092.040700000012293, 907184.239300000015646 ], [ 983084.172200000029989, 907458.526100000017323 ], [ 984073.318199999979697, 905039.837799999979325 ], [ 982144.582799999974668, 903513.663399999961257 ], [ 980559.414299999945797, 899619.559699999983422 ], [ 975757.8774, 898067.81449999997858 ], [ 974288.768399999942631, 900059.5662 ], [ 973132.755, 899591.219000000040978 ], [ 969607.026199999963865, 900374.005699999979697 ], [ 968923.4682, 899236.8665 ], [ 969960.8543, 898066.317799999960698 ], [ 969768.62, 897002.571499999961816 ], [ 968201.164100000052713, 895405.23030000005383 ], [ 967592.736000000033528, 891573.849700000020675 ], [ 964690.872699999948964, 889704.373400000040419 ], [ 963175.666199999977835, 887136.319299999973737 ], [ 963429.005299999960698, 885806.990899999975227 ], [ 961652.9965, 886230.1742 ], [ 960055.2465, 884626.8247 ], [ 957728.029699999955483, 885496.4327 ], [ 958860.51300000003539, 887721.429800000041723 ], [ 956354.863400000031106, 892012.243600000045262 ], [ 952586.304099999950267, 886758.5688 ], [ 949788.079600000055507, 887235.802999999956228 ], [ 948194.51210000005085, 888976.585100000025705 ], [ 947184.467599999974482, 887986.605499999946915 ], [ 946828.522899999981746, 895609.870400000014342 ], [ 943885.348499999963678, 900224.659300000057556 ], [ 942184.759199999971315, 900533.248999999952503 ], [ 940672.10640000004787, 897653.772400000016205 ], [ 937188.407299999962561, 897918.728200000012293 ], [ 936653.608800000045449, 898689.0342 ], [ 934665.584000000031665, 896318.629399999976158 ], [ 933037.526100000017323, 895810.296100000035949 ], [ 932106.725899999961257, 896665.4438 ], [ 932576.974799999967217, 898235.203699999954551 ], [ 931103.983800000045449, 901376.932599999941885 ], [ 933761.186299999943003, 903328.3972 ], [ 933757.821499999961816, 905390.853699999977835 ], [ 932299.214999999967404, 907696.3234 ], [ 931648.157800000044517, 910681.497800000011921 ], [ 930362.307799999951385, 911093.102500000037253 ], [ 931008.919100000057369, 913746.392800000030547 ], [ 932937.1825, 914675.5305 ], [ 933389.083600000012666, 917091.173500000033528 ], [ 934917.690500000026077, 917706.000699999975041 ], [ 934335.096499999985099, 920953.2217 ], [ 933468.956400000024587, 921096.4499 ], [ 933218.942999999970198, 922384.409600000013597 ], [ 929482.421199999982491, 921409.3162 ], [ 928417.2548, 919466.829900000011548 ], [ 928854.407800000044517, 917797.714200000045821 ], [ 927791.75289999996312, 915082.6777 ], [ 927003.347900000051595, 915711.8173 ], [ 924563.282800000044517, 915312.700399999972433 ], [ 923380.29390000004787, 918843.103499999968335 ], [ 922320.162699999986216, 919112.746399999945424 ], [ 919928.8615, 916283.98320000001695 ], [ 917026.113200000021607, 917293.1631 ], [ 916022.339900000020862, 919655.969900000025518 ], [ 914932.716200000024401, 919374.96730000001844 ], [ 914281.753400000045076, 918475.327399999951012 ], [ 914801.222599999979138, 916271.169600000022911 ], [ 912693.293399999965914, 911752.835199999972247 ], [ 911195.72199999995064, 914152.550500000012107 ], [ 909553.6616, 913899.2426 ], [ 909500.038300000014715, 908467.035000000032596 ], [ 906552.015800000051968, 909748.858699999982491 ], [ 906037.914100000052713, 906784.711499999975786 ], [ 903902.307099999976344, 906892.037299999967217 ], [ 902766.761300000012852, 905125.088600000017323 ], [ 901400.283700000029057, 904912.18949999997858 ], [ 901327.066800000029616, 904026.04480000003241 ], [ 901566.245899999979883, 902684.091299999970943 ], [ 904268.390400000032969, 902558.866200000047684 ], [ 903011.742699999944307, 900223.304899999988265 ], [ 903680.162499999976717, 898353.4033 ], [ 909354.7857, 898118.724599999957718 ], [ 911405.923199999961071, 896356.082500000018626 ], [ 912623.488699999987148, 897089.814699999988079 ], [ 913810.533500000019558, 896732.255600000033155 ], [ 914293.14269999996759, 895097.103600000031292 ], [ 916177.59250000002794, 893362.204200000036508 ], [ 917131.62699999997858, 889080.439600000041537 ], [ 915369.659899999969639, 886791.310900000040419 ], [ 916754.097900000051595, 884749.9046 ], [ 916544.184699999983422, 883769.274500000057742 ], [ 913724.983, 881796.82909999997355 ], [ 912740.549699999974109, 878161.429899999988265 ], [ 914559.837900000042282, 877080.196099999942817 ], [ 913890.2818, 876022.630099999951199 ], [ 916060.51410000002943, 873330.075900000054389 ], [ 918328.59519999998156, 872470.836000000010245 ], [ 918094.067000000039116, 869233.483699999982491 ], [ 914347.34499999997206, 867675.4181 ], [ 913228.09519999998156, 868423.003600000054576 ], [ 911478.983699999982491, 866224.846200000029057 ], [ 909758.885099999955855, 866339.475199999986216 ], [ 909545.6886, 867448.272699999972247 ], [ 908851.746399999945424, 867358.10530000005383 ], [ 907065.556800000020303, 863800.792499999981374 ], [ 907875.395800000056624, 861183.416699999943376 ], [ 903942.993400000035763, 857776.120600000023842 ], [ 901166.056100000045262, 856597.658199999947101 ], [ 900941.910799999954179, 853872.707500000018626 ], [ 899681.132499999948777, 854322.962500000023283 ], [ 899210.838499999954365, 853562.318199999979697 ], [ 898391.694299999973737, 853560.70609999995213 ], [ 898643.7561, 854712.0795 ], [ 897848.795099999988452, 855239.2759 ], [ 896407.956699999980628, 854656.776599999982864 ], [ 895532.0405, 855397.114900000044145 ], [ 894456.98430000001099, 854581.451699999975972 ], [ 893326.239199999952689, 856628.018700000015087 ], [ 893448.069999999948777, 858078.928300000028685 ], [ 890506.46999999997206, 859722.233800000045449 ], [ 892273.442900000023656, 862457.520800000056624 ], [ 891841.455300000030547, 864872.119300000020303 ], [ 889406.431800000020303, 864714.918300000019372 ], [ 886301.853400000021793, 865984.675900000031106 ], [ 885577.7563, 864280.347100000013597 ], [ 884658.652899999986403, 865013.569200000027195 ], [ 881484.104199999943376, 862348.676199999987148 ], [ 881017.380600000033155, 864219.88800000003539 ], [ 879208.867199999978766, 864705.658500000019558 ], [ 879300.340100000030361, 868970.9085999999661 ], [ 878009.933599999989383, 869923.57819999998901 ], [ 879313.567700000014156, 872657.463899999973364 ], [ 877095.501500000013039, 873220.134500000043772 ], [ 876843.120699999970384, 874288.238400000031106 ], [ 874926.911300000036135, 875369.755299999960698 ], [ 876159.632800000021234, 876488.885600000037812 ], [ 875880.435000000055879, 877140.978099999949336 ], [ 874838.703699999954551, 877553.528599999961443 ], [ 873646.165200000046752, 876376.7195 ], [ 870605.564200000022538, 879133.20140000001993 ], [ 870601.557799999951385, 881014.499300000024959 ], [ 868168.082700000028126, 885977.659100000048056 ], [ 868293.014199999975972, 889274.42249999998603 ], [ 866242.734399999957532, 893095.798199999961071 ], [ 864854.456800000043586, 893073.210500000044703 ], [ 864084.200100000016391, 893905.841200000024401 ], [ 860387.841999999945983, 892739.317200000048615 ], [ 858351.606600000057369, 896253.990899999975227 ], [ 856884.336200000019744, 896608.149699999950826 ], [ 856531.994799999985844, 897844.581699999980628 ], [ 854850.996900000027381, 897701.917600000044331 ], [ 852751.378000000026077, 896302.250400000018999 ], [ 854972.062000000034459, 893919.822599999955855 ], [ 855302.351000000024214, 892113.235699999961071 ], [ 855203.437400000053458, 891260.262899999972433 ], [ 853717.775000000023283, 890540.2339 ], [ 853349.581499999971129, 888513.298199999961071 ], [ 856061.463600000017323, 887922.837000000057742 ], [ 855855.004700000048615, 886674.9634 ], [ 853967.6004, 886573.8003 ], [ 853368.8994, 885420.141500000027008 ], [ 851200.189400000032037, 884870.530600000056438 ], [ 847206.694600000046194, 880538.015299999970011 ], [ 844858.096600000048056, 882590.516500000027008 ], [ 843000.262699999962933, 882213.459599999943748 ], [ 841489.682799999951385, 883649.411399999982677 ], [ 840442.753600000054576, 883599.371399999945424 ], [ 837323.17449999996461, 879648.446600000024773 ], [ 837704.715399999986403, 877353.981299999984913 ], [ 839367.372199999983422, 876537.90500000002794 ], [ 837999.587399999960326, 875797.879500000039116 ], [ 838214.165900000021793, 873858.1962 ], [ 836882.617699999944307, 873185.18929999996908 ], [ 835652.835700000054203, 871122.189400000032037 ], [ 834993.299099999945611, 873799.413999999989755 ], [ 832530.461400000029244, 877708.479199999943376 ], [ 830724.524899999960326, 877992.404499999945983 ], [ 827245.644199999980628, 858190.4105 ], [ 827681.014199999975972, 855729.774800000013784 ], [ 824913.666500000050291, 847002.7835999999661 ], [ 820447.1115, 847800.290400000056252 ], [ 814201.211699999985285, 846889.246700000017881 ], [ 813762.366099999984726, 846236.907400000025518 ], [ 806880.644300000043586, 846515.122199999983422 ], [ 803901.85750000004191, 829552.6019 ], [ 802365.546899999957532, 824763.441499999957159 ], [ 799714.60750000004191, 820943.296699999948032 ], [ 745959.547999999951571, 777590.808399999979883 ], [ 634372.026199999963865, 1092234.0242000001017 ], [ 703502.202700000023469, 1088245.9577 ], [ 703079.8556, 1091698.3761 ], [ 701127.357199999969453, 1094621.8044 ], [ 702679.827999999979511, 1096366.9128 ], [ 707154.975100000039674, 1097484.0284 ], [ 713099.6568, 1102082.4593 ], [ 722245.404699999955483, 1110577.595 ], [ 727259.558500000042841, 1116560.3609 ], [ 733314.054099999950267, 1126135.9198 ], [ 733926.129199999966659, 1129276.7473 ], [ 739542.925900000031106, 1140279.706900000106543 ], [ 748262.977300000027753, 1149767.0213 ], [ 748221.629100000020117, 1151832.4094 ], [ 745647.7966, 1156175.8736 ], [ 745104.679299999959767, 1168930.7357 ], [ 742339.754700000048615, 1174261.0894 ], [ 740486.297999999951571, 1183655.2845 ], [ 742167.2759, 1194946.8125 ], [ 740115.234599999967031, 1198644.787 ], [ 740160.822900000028312, 1204387.035699999891222 ], [ 742144.627199999988079, 1208671.121499999891967 ], [ 744825.337199999950826, 1210311.5828 ], [ 750326.3249, 1219585.8243 ], [ 749509.337300000013784, 1220120.6199 ], [ 750998.011900000041351, 1230784.3768 ], [ 745489.025999999954365, 1243938.0177 ], [ 736490.352500000037253, 1241519.8352 ], [ 730272.956200000015087, 1245490.619 ], [ 725663.335500000044703, 1247232.7435 ], [ 723785.247800000011921, 1258700.358 ], [ 719331.5599, 1259475.825 ], [ 714371.991799999959767, 1261973.4261 ], [ 705327.626200000056997, 1273752.9012 ], [ 686878.548199999961071, 1279429.3146 ], [ 681935.035599999944679, 1284639.7456 ], [ 664500.958800000022165, 1297494.692499999888241 ], [ 658351.019899999955669, 1304642.8909 ], [ 642700.375400000018999, 1304449.3511 ], [ 642108.7548, 1316117.508300000103191 ], [ 640118.455500000040047, 1321958.0758 ], [ 642317.277299999957904, 1327632.4912 ], [ 627740.836099999956787, 1336443.8221 ], [ 634115.707799999974668, 1355094.3602 ], [ 615045.267100000055507, 1361966.2563 ], [ 623514.249599999981001, 1374633.3802 ], [ 617570.095699999947101, 1390671.405899999896064 ], [ 608073.8702, 1407975.2963 ], [ 602941.366000000038184, 1421922.456199999898672 ], [ 598422.455500000040047, 1431226.3773 ], [ 592960.547299999976531, 1447851.6983 ], [ 582892.719799999962561, 1466839.8243 ], [ 578611.598899999982677, 1484448.29010000010021 ], [ 569902.583499999949709, 1499074.3104 ], [ 564435.825100000016391, 1512113.0682 ], [ 569829.344399999943562, 1516342.5592 ], [ 560441.886199999949895, 1527708.1224 ], [ 552870.748999999952503, 1538514.0278 ], [ 546606.428199999965727, 1552331.3209 ], [ 524198.92090000002645, 1569640.5855 ], [ 520592.357399999978952, 1577054.8517 ], [ 522412.778700000024401, 1581186.0696 ], [ 517282.0418, 1583703.3619 ], [ 519508.940400000021327, 1590114.2887 ], [ 516454.8467, 1596135.1658 ], [ 514951.9864, 1601066.4393 ], [ 510271.540199999988545, 1601586.0986 ], [ 504645.064300000027288, 1609140.501 ], [ 504192.4193, 1615557.2255 ], [ 489948.3663, 1620904.2175 ], [ 486876.011300000012852, 1628634.2284 ], [ 489755.229700000025332, 1632839.3653 ], [ 484050.284999999974389, 1638103.3653 ], [ 485733.423799999989569, 1640604.5504 ], [ 488859.65749999997206, 1642778.153 ], [ 490042.108599999977741, 1652596.7064 ], [ 485895.403400000010151, 1659792.2579 ], [ 483704.244599999976344, 1660373.7614 ], [ 480749.250699999975041, 1664914.7371 ], [ 480457.6592, 1668694.4198 ], [ 473992.26779999997234, 1674199.0112 ], [ 468238.569299999973737, 1681746.0768 ], [ 439730.7931, 1670433.9786 ], [ 425943.771699999982957, 1669921.0578 ], [ 416288.5969, 1666816.3281 ], [ 422027.679500000027474, 1661432.859299999894574 ], [ 421539.778799999970943, 1657561.2958 ], [ 416843.336300000024494, 1651525.3174 ], [ 413038.2035, 1650335.2991 ], [ 407194.130400000023656, 1653098.4271 ], [ 404659.134199999971315, 1633035.1604 ], [ 403015.7401, 1632274.0973 ], [ 403105.4632, 1630533.2719 ], [ 396199.0847, 1621002.893699999898672 ], [ 382271.771100000012666, 1622462.889999999897555 ], [ 373286.8837, 1617244.0932 ], [ 353755.7732, 1608930.6804 ], [ 342523.758900000015274, 1600413.6542 ], [ 338254.710499999986496, 1600889.0828 ], [ 341163.061899999971502, 1609326.3078 ], [ 339759.4337, 1638701.3077 ], [ 292747.320499999972526, 1706052.3891 ], [ 291207.6873, 1710970.4997 ], [ 290982.171099999977741, 1721930.9387 ], [ 286318.33029999997234, 1724850.378 ], [ 273366.802099999971688, 1735720.8743 ], [ 410351.464199999987613, 1712633.3117 ], [ 489139.738100000016857, 1701532.4742 ], [ 567805.844900000025518, 1692233.0544 ], [ 640124.835899999947287, 1684849.6051 ], [ 733408.441699999966659, 1677356.327499999897555 ], [ 829154.139300000038929, 1672085.8856 ], [ 897136.580300000030547, 1669979.8882 ], [ 896121.54680000001099, 1664757.5726 ], [ 894703.4266, 1663286.4664 ], [ 898031.3099, 1665245.1868 ], [ 899237.738699999987148, 1665009.9631 ], [ 898549.571899999980815, 1662239.4035 ], [ 900167.502199999988079, 1661361.0214 ], [ 901712.531399999978021, 1661870.0827 ], [ 902433.4499, 1660657.686200000112876 ], [ 902030.24820000003092, 1659677.8768 ], [ 903173.260299999965355, 1658156.8317 ], [ 904050.688899999950081, 1658733.894400000106543 ], [ 904300.364799999981187, 1658085.758300000103191 ], [ 905793.1459, 1658136.565 ], [ 906143.839000000036322, 1656676.0476 ], [ 905364.472100000013597, 1656244.6598 ], [ 906479.254900000058115, 1654826.3665 ], [ 906438.817000000039116, 1653444.6365 ], [ 905375.344900000025518, 1652834.699 ], [ 903333.526700000045821, 1654248.2326 ], [ 903866.41980000003241, 1652755.5994 ], [ 900758.8944, 1650682.1787 ], [ 902233.923199999961071, 1649275.3354 ], [ 899749.277400000020862, 1647487.2969 ], [ 897968.843699999968521, 1647231.0226 ], [ 898501.517800000030547, 1646789.2656 ], [ 897681.500600000028498, 1644945.6482 ], [ 898786.862199999974109, 1644106.317499999888241 ], [ 897586.243400000035763, 1643037.4936 ], [ 898757.20609999995213, 1640643.6023 ], [ 898829.23699999996461, 1635762.3263 ], [ 899215.222199999960139, 1634444.5055 ], [ 901470.582799999974668, 1632864.8034 ], [ 902049.012899999972433, 1630962.5854 ], [ 901181.325399999972433, 1630252.8315 ], [ 901459.118000000016764, 1628228.0258 ], [ 899628.071699999971315, 1627372.2299 ], [ 898815.287999999942258, 1625342.7654 ], [ 895631.438899999950081, 1626705.3628 ], [ 894381.008400000049733, 1626417.834 ], [ 892343.092900000046939, 1628782.8775 ], [ 890757.485800000024028, 1627108.6624 ], [ 889591.71840000001248, 1627830.6671 ], [ 889094.730699999956414, 1626104.3192 ], [ 890274.13710000005085, 1625219.6929 ], [ 890662.488699999987148, 1623121.9744 ], [ 888593.074799999943934, 1621298.6228 ], [ 887358.771399999968708, 1622556.4165 ], [ 884895.179200000013225, 1622852.7971 ], [ 884363.666199999977835, 1622097.2787 ], [ 881349.242199999978766, 1624249.5195 ], [ 880243.998299999977462, 1626271.1797 ], [ 880576.732599999988452, 1626982.4013 ], [ 882057.98430000001099, 1627018.3676 ], [ 881855.268700000015087, 1628615.193 ], [ 879400.30980000004638, 1629238.8888 ], [ 878746.317200000048615, 1628104.8096 ], [ 877452.771399999968708, 1627770.1776 ], [ 876879.7193, 1628345.236500000115484 ], [ 874904.902299999957904, 1628015.9442 ], [ 873093.145299999974668, 1629313.4879 ], [ 872451.648399999947287, 1628881.8336 ], [ 872385.73679999995511, 1629912.0483 ], [ 871345.501000000047497, 1628425.746100000105798 ], [ 867951.324099999968894, 1629689.9508 ], [ 863970.773799999966286, 1629705.1427 ], [ 862460.323699999949895, 1628391.4407 ], [ 864231.467799999983981, 1628231.8165 ], [ 866024.886399999959394, 1625030.5259 ], [ 865332.105800000019372, 1623896.8787 ], [ 863529.1396, 1623733.0674 ], [ 864010.051800000015646, 1622638.287 ], [ 861928.508799999952316, 1622308.8022 ], [ 860733.32929999998305, 1623154.0058 ], [ 861190.4288, 1621122.0202 ], [ 859248.384399999980815, 1619646.9513 ], [ 861414.985699999961071, 1618736.417700000107288 ], [ 861904.693199999979697, 1617177.03 ], [ 864710.911100000026636, 1614606.5004 ], [ 867362.0087, 1609416.1571 ], [ 869021.969200000050478, 1608628.981300000101328 ], [ 871563.710899999947287, 1609337.3558 ], [ 871531.445199999958277, 1608450.046400000108406 ], [ 874741.741099999984726, 1605618.4106 ], [ 873259.060999999986961, 1602956.7427 ], [ 874889.237100000027567, 1603459.4548 ], [ 874960.977100000018254, 1601845.6122 ], [ 873933.5627, 1602948.723 ], [ 873707.3737, 1600795.7603 ], [ 872302.631399999954738, 1598611.4792 ], [ 872479.209200000041164, 1597357.9713 ], [ 873273.73679999995511, 1597111.6668 ], [ 873278.1104, 1595133.4564 ], [ 868926.564000000013039, 1592975.9446 ], [ 868680.1178, 1588974.3776 ], [ 866617.917400000034831, 1588348.1698 ], [ 864596.574999999953434, 1586170.52239999989979 ], [ 864706.486200000043027, 1584552.589300000108778 ], [ 867365.124199999962002, 1583832.3041 ], [ 865866.7833999999566, 1580669.0907 ], [ 867505.775600000051782, 1578573.22760000010021 ], [ 869215.5636, 1578124.6413 ], [ 869457.699099999968894, 1576763.8893 ], [ 870932.843800000031479, 1576454.1526 ], [ 871177.930000000051223, 1574069.1527 ], [ 870225.948899999959394, 1573654.964699999894947 ], [ 869470.0651, 1571811.8622 ], [ 870094.7267, 1568860.9402 ], [ 871727.568199999979697, 1569470.9529 ], [ 872420.860100000048988, 1568767.193600000115111 ], [ 873436.9373, 1569623.459500000113621 ], [ 874928.191, 1567971.6293 ], [ 872904.543799999984913, 1566036.9463 ], [ 872915.027200000011362, 1564535.8406 ], [ 870920.729799999971874, 1562231.5498 ], [ 870810.073899999959394, 1560336.3624 ], [ 871352.496900000027381, 1559006.2356 ], [ 872613.163399999961257, 1558575.8969 ], [ 872676.6801, 1557305.4709 ], [ 871482.548900000052527, 1555613.8675 ], [ 869843.811699999962002, 1557140.7416 ], [ 867773.331, 1555783.3644 ], [ 867457.721299999975599, 1557555.148 ], [ 866578.899300000048243, 1557756.6604 ], [ 863043.6679, 1557018.043 ], [ 862443.7071, 1557841.2298 ], [ 861123.784100000048056, 1556785.2114 ], [ 858758.263400000054389, 1556771.3147 ], [ 858368.033199999947101, 1554748.0518 ], [ 857094.9399, 1554431.3542 ], [ 857479.40300000004936, 1552064.973199999891222 ], [ 854550.216699999989942, 1550109.433600000105798 ], [ 855049.179200000013225, 1548705.1375 ], [ 853871.41980000003241, 1549114.7761 ], [ 852584.254199999966659, 1547404.2526 ], [ 852505.454900000011548, 1543649.1683 ], [ 851491.188700000056997, 1543054.0359 ], [ 851195.584200000041164, 1541248.2329 ], [ 848040.483600000035949, 1538932.1156 ], [ 846265.340399999986403, 1533646.1944 ], [ 838232.255699999979697, 1535464.9995 ], [ 838470.653799999970943, 1532824.2383 ], [ 836627.70429999998305, 1531943.4393 ], [ 835263.493099999963306, 1532970.7013 ], [ 834393.480699999956414, 1531379.168800000101328 ], [ 833601.382100000046194, 1531195.6323 ], [ 832808.8898, 1532134.1658 ], [ 830893.947700000018813, 1531243.5925 ], [ 832928.5098, 1527100.1916 ], [ 830270.082700000028126, 1524123.610000000102445 ], [ 833760.316, 1520797.2597 ], [ 834149.669400000013411, 1518789.5031 ], [ 833323.887600000016391, 1516702.186 ], [ 837575.9153, 1514416.9021 ], [ 839297.99730000004638, 1515113.4894 ], [ 839541.3493, 1513303.0038 ], [ 838369.8811, 1511896.136299999896437 ], [ 840068.100899999961257, 1505616.0514 ], [ 847557.677099999971688, 1504647.812300000106916 ], [ 855824.919100000057369, 1498786.0398 ], [ 857743.4608, 1494277.7059 ], [ 856647.474200000055134, 1487923.241300000110641 ], [ 859108.367899999953806, 1486969.5677 ], [ 859610.175900000031106, 1485526.8998 ], [ 864865.339599999948405, 1485073.2054 ], [ 865584.642600000021048, 1487371.8773 ], [ 866964.951099999947473, 1488004.6586 ], [ 867045.4129, 1488798.3924 ], [ 864947.8909, 1492526.773499999893829 ], [ 867695.403700000024401, 1494819.2515 ], [ 868986.452799999970011, 1494528.454 ], [ 871175.316800000029616, 1495676.1144 ], [ 873338.381999999983236, 1495384.7999 ], [ 874158.95409999997355, 1492606.6047 ], [ 875175.698199999984354, 1492149.471700000111014 ], [ 877067.282600000035018, 1492815.2013 ], [ 878483.028399999951944, 1496024.4774 ], [ 880048.385800000047311, 1495478.343399999896064 ], [ 882161.608600000035949, 1496725.0567 ], [ 884108.758200000040233, 1494998.7626 ], [ 887969.292099999962375, 1494146.0759 ], [ 889304.140800000051968, 1491442.6417 ], [ 891487.990899999975227, 1491636.6201 ], [ 891973.461000000010245, 1492838.35260000010021 ], [ 893840.2352, 1493246.2529 ], [ 894523.422000000020489, 1490665.0636 ], [ 895610.522899999981746, 1490569.9228 ], [ 894922.26879999996163, 1487621.403299999888986 ], [ 898119.258000000030734, 1485531.037900000112131 ], [ 899995.87120000005234, 1486261.8982 ], [ 900466.482700000051409, 1488227.4023 ], [ 902166.784100000048056, 1487591.828599999891594 ], [ 901767.54929999995511, 1487065.3553 ], [ 902373.0651, 1486649.5125 ], [ 903654.9778, 1486798.180299999890849 ], [ 904650.036700000055134, 1485898.7236 ], [ 903999.582599999965169, 1483966.0458 ], [ 905720.0109, 1483151.2356 ], [ 905125.920999999972992, 1482294.2555 ], [ 906990.956699999980628, 1480307.7888 ] ] ] } },
{ "type": "Feature", "properties": { "id": "WHSE_ADMIN_BOUNDARIES.ADM_NR_REGIONS_SPG.Northeast Natural Resource Region", "REGION_NAME": "Northeast Natural Resource Region", "ORG_UNIT": "RNO", "ORG_UNIT_NAME": "Northeast Natural Resource Region", "FEATURE_CODE": "FM90000010", "FEATURE_NAME": "Natural Resource Region", "OBJECTID": 3638, "SE_ANNO_CAD_DATA": null, "FEATURE_AREA_SQM": 175396414758.75, "FEATURE_LENGTH_M": 2976434.2906 }, "geometry": { "type": "Polygon", "coordinates": [ [ [ 897136.580300000030547, 1669979.8882 ], [ 996834.159100000048056, 1668623.1706 ], [ 1112040.7266, 1670268.2744 ], [ 1149960.2836, 1671433.485000000102445 ], [ 1259604.8232, 1677149.269400000106543 ], [ 1335211.9674, 1682799.0879 ], [ 1390137.0388, 1036195.9359 ], [ 1389156.1401, 1033470.2793 ], [ 1386102.0168, 1033941.2891 ], [ 1383988.2763, 1030996.6925 ], [ 1380561.0831, 1030164.8976 ], [ 1377528.6294, 1027632.5276 ], [ 1373816.0038, 1027268.6679 ], [ 1372676.2886, 1027940.9054 ], [ 1369809.8346, 1025938.2835 ], [ 1368549.2257999998983, 1027225.009 ], [ 1366373.7118, 1026882.3969 ], [ 1364760.9702, 1027975.6505 ], [ 1362596.781600000103936, 1026638.87 ], [ 1359793.4123, 1028822.5699 ], [ 1357452.4386, 1027820.4512 ], [ 1355816.245399999897927, 1028538.4803 ], [ 1352188.339, 1032825.5158 ], [ 1353165.6694, 1036558.3673 ], [ 1351710.1501, 1038720.2883 ], [ 1352110.668, 1040093.4082 ], [ 1350658.3219, 1043152.6026 ], [ 1350836.7695, 1044286.2977 ], [ 1348589.6614, 1045466.7626 ], [ 1348205.8091, 1044157.4538 ], [ 1346808.1112, 1045003.5285 ], [ 1345140.2466, 1044106.6551 ], [ 1341757.916600000113249, 1045872.3582 ], [ 1343631.5863, 1046745.2298 ], [ 1344561.7581, 1048725.6502 ], [ 1343726.8406, 1049274.6887 ], [ 1343388.9036, 1051338.0153 ], [ 1344783.8532, 1051489.293 ], [ 1345925.551599999889731, 1052696.6673 ], [ 1344205.5481, 1055646.8152 ], [ 1340658.5951, 1057966.6279 ], [ 1338725.3762, 1056378.6302 ], [ 1337450.808600000105798, 1056842.9478 ], [ 1335784.0093, 1060364.3496 ], [ 1336119.421799999894574, 1064084.4278 ], [ 1334511.2455, 1064225.915 ], [ 1334685.9846, 1066294.7086 ], [ 1334068.1516, 1066904.1271 ], [ 1331996.1253, 1065895.8442 ], [ 1330738.1108, 1066118.6431 ], [ 1331013.763499999884516, 1063148.9491 ], [ 1328265.1976, 1061905.0234 ], [ 1327294.1959, 1061542.9427 ], [ 1325897.4681, 1062956.7639 ], [ 1322858.9559, 1063063.781600000103936 ], [ 1321516.9868, 1062573.6412 ], [ 1321287.5132, 1061196.7593 ], [ 1318921.6793, 1062728.4005 ], [ 1318344.0523, 1060787.7429 ], [ 1314571.5286, 1064053.0354 ], [ 1314988.383699999889359, 1066395.513 ], [ 1313900.5288, 1067674.2512 ], [ 1314612.1572, 1070843.8167 ], [ 1313769.516, 1071888.616 ], [ 1310543.9489, 1071239.7782 ], [ 1309311.8283, 1071831.3958 ], [ 1308916.081900000106543, 1070756.6567 ], [ 1308371.8546, 1071348.1168 ], [ 1306801.2569, 1070782.9572 ], [ 1306041.8443, 1071879.008699999889359 ], [ 1305145.4617000001017, 1070419.2153 ], [ 1305616.5986, 1068513.6079 ], [ 1304448.8914, 1067231.6601 ], [ 1302186.1447, 1067122.2962 ], [ 1299552.3572, 1069597.7196 ], [ 1296861.8426, 1068765.242400000104681 ], [ 1296160.6074, 1072425.0585 ], [ 1294757.3899, 1072788.5916 ], [ 1293420.53, 1071774.5371 ], [ 1293671.9688, 1074511.7588 ], [ 1292447.9041, 1076121.7833 ], [ 1292741.2959, 1077036.5474 ], [ 1290548.3423, 1076692.1885 ], [ 1289741.4009, 1078299.6016 ], [ 1290297.6879, 1078838.0454 ], [ 1287564.5639, 1081463.621100000105798 ], [ 1287529.4937, 1083352.5317 ], [ 1288379.8534, 1084260.991699999896809 ], [ 1287905.3616, 1085110.1635 ], [ 1289795.6336, 1086378.4017 ], [ 1290570.9456, 1089714.915499999886379 ], [ 1288790.3261, 1091351.6284 ], [ 1289193.0981, 1093017.0043 ], [ 1286812.5839, 1094536.8939 ], [ 1286650.366699999896809, 1097822.1187 ], [ 1285457.5507, 1098285.918099999893457 ], [ 1284394.659599999897182, 1100138.9147 ], [ 1278927.9173, 1102265.327499999897555 ], [ 1278422.801, 1103607.725400000112131 ], [ 1277277.6711, 1103699.0596 ], [ 1275133.0742, 1106055.443 ], [ 1273019.4789, 1106899.9872 ], [ 1272174.5694, 1106125.509800000116229 ], [ 1272549.3425, 1104748.8365 ], [ 1271091.2359, 1102585.173 ], [ 1270213.8273, 1102743.9783 ], [ 1270056.6414, 1101550.694700000109151 ], [ 1267915.4722, 1103400.1001 ], [ 1264296.349, 1104052.4167 ], [ 1263804.406600000103936, 1105693.6706 ], [ 1265157.5182, 1107413.1193 ], [ 1264150.1599, 1107598.5672 ], [ 1263742.9062, 1108775.0986 ], [ 1265265.1875, 1110909.7094 ], [ 1263215.9822, 1113739.8237 ], [ 1260804.7917, 1114874.7486 ], [ 1260072.301, 1116965.2153 ], [ 1258784.8274, 1117823.5446 ], [ 1258564.4278, 1119398.4773 ], [ 1256424.6686, 1121048.1347 ], [ 1254126.1732, 1121642.416600000113249 ], [ 1252459.285699999891222, 1124707.6919 ], [ 1250300.8246, 1125668.160300000105053 ], [ 1247622.0284, 1129247.7156 ], [ 1246438.5826, 1129345.3927 ], [ 1245750.7552, 1128302.4006 ], [ 1243475.381, 1128907.1818 ], [ 1242035.4577, 1133131.2807 ], [ 1239359.1172, 1133205.1021 ], [ 1237525.7396, 1132165.9533 ], [ 1235693.1517, 1134175.8174 ], [ 1236371.8202, 1134821.889600000111386 ], [ 1235233.5137, 1136329.960600000107661 ], [ 1236168.1809, 1138596.1508 ], [ 1238131.9327, 1139287.1737 ], [ 1237077.2389, 1139650.4933 ], [ 1235879.8794, 1141681.1242 ], [ 1232622.0441, 1142625.867799999890849 ], [ 1232956.7351, 1143644.9324 ], [ 1225860.952, 1152129.6974 ], [ 1223938.8047, 1151416.0424 ], [ 1222432.866, 1151934.6992 ], [ 1220622.862999999895692, 1153832.8273 ], [ 1220109.5799, 1155766.8798 ], [ 1217459.0519, 1157491.025700000114739 ], [ 1216704.405899999896064, 1160054.2353 ], [ 1215025.8276, 1161984.061599999899045 ], [ 1214471.066000000108033, 1162184.479 ], [ 1212210.356300000101328, 1159111.2978 ], [ 1211723.0111, 1154960.5679 ], [ 1210203.5556, 1153614.9516 ], [ 1208363.1764, 1154651.334 ], [ 1206115.597099999897182, 1154557.6715 ], [ 1205123.4357, 1155488.481699999887496 ], [ 1205316.5214, 1156517.6456 ], [ 1202764.997, 1158307.0448 ], [ 1200922.446, 1158778.1717 ], [ 1199057.8484, 1157776.8219 ], [ 1199168.7481, 1159721.2045 ], [ 1196931.0471, 1160184.2569 ], [ 1197742.5428, 1161741.9083 ], [ 1196339.921400000108406, 1162750.312300000106916 ], [ 1190451.7631, 1159614.4973 ], [ 1189886.6783, 1160128.6388 ], [ 1190451.8043, 1162416.4293 ], [ 1188827.0373, 1163944.7552 ], [ 1189217.1932, 1166896.7152 ], [ 1193493.5873, 1167002.8203 ], [ 1191170.6369, 1171255.119 ], [ 1192341.0591, 1172199.1931 ], [ 1192694.5174, 1173803.318600000115111 ], [ 1191579.655, 1176495.6402 ], [ 1193133.2271, 1178556.1717 ], [ 1191288.3871, 1180633.2699 ], [ 1196103.215, 1183053.0264 ], [ 1196287.1804, 1184967.9027 ], [ 1198399.3856, 1186598.2559 ], [ 1197741.6379, 1187837.241 ], [ 1198621.7718, 1189505.7351 ], [ 1196088.535, 1191423.1637 ], [ 1193823.1784, 1191944.5435 ], [ 1194136.194, 1193396.2752 ], [ 1191622.347, 1196598.3085 ], [ 1192199.7103, 1197924.372599999886006 ], [ 1190283.556399999884889, 1201814.4943 ], [ 1191570.8463, 1202313.7318 ], [ 1191585.1262, 1204121.1392 ], [ 1190154.3553, 1205427.6377 ], [ 1190758.1946, 1206475.0685 ], [ 1190192.1447, 1207858.3537 ], [ 1191226.1874, 1209007.319700000109151 ], [ 1190746.2603, 1214454.049000000115484 ], [ 1191631.632, 1214460.8992000001017 ], [ 1191319.8843, 1215892.9516 ], [ 1191920.707299999892712, 1216328.9352 ], [ 1191422.1933, 1218993.7714 ], [ 1193495.7409, 1220906.370000000111759 ], [ 1191992.4294, 1224181.9941 ], [ 1191733.7717, 1226985.3746 ], [ 1191034.0711, 1227373.2569 ], [ 1192246.0733, 1228214.503500000108033 ], [ 1195333.2323, 1227755.1011 ], [ 1199349.8401, 1229737.7606 ], [ 1199773.1419, 1234320.2993 ], [ 1198636.344499999890104, 1235569.8723 ], [ 1200965.707, 1239019.9324 ], [ 1203437.078200000105426, 1239118.1468 ], [ 1207715.3432, 1244060.9792 ], [ 1206079.45989999989979, 1243977.856 ], [ 1203746.6898, 1245633.5293 ], [ 1204162.642199999885634, 1247655.270500000100583 ], [ 1202105.241300000110641, 1249743.030899999896064 ], [ 1202759.7843, 1251131.5409 ], [ 1201656.3146, 1251899.7728 ], [ 1201623.6587, 1254284.5032 ], [ 1199727.354100000113249, 1257890.6325 ], [ 1196110.143300000112504, 1259957.379999999888241 ], [ 1193542.9529, 1258395.6037 ], [ 1192070.9084, 1261913.8184 ], [ 1191046.6133, 1262697.3241 ], [ 1188872.7064, 1262364.3805 ], [ 1189802.6937, 1265008.870399999897927 ], [ 1187590.8461, 1270873.7855 ], [ 1185863.3683, 1271791.9762 ], [ 1183270.8161, 1271033.0322 ], [ 1179987.8714, 1274818.004600000102073 ], [ 1178823.1898, 1273891.5635 ], [ 1178225.5964, 1275447.6153 ], [ 1175141.1847, 1276607.8262 ], [ 1174448.2959, 1273787.0596 ], [ 1172568.554900000104681, 1272947.582 ], [ 1172737.7989, 1271785.7532 ], [ 1170484.3813, 1268336.395899999886751 ], [ 1168263.28, 1267448.8713 ], [ 1165494.8277, 1272853.9286 ], [ 1164311.7603, 1272941.6102 ], [ 1162252.6721, 1274699.2822 ], [ 1162737.7224, 1276899.6013 ], [ 1159675.8813, 1279018.6417 ], [ 1158464.4027, 1278390.1797 ], [ 1157379.6233, 1276227.6349 ], [ 1156662.7381, 1276802.1443 ], [ 1155619.5043, 1275935.8744 ], [ 1153422.5023, 1269807.5071 ], [ 1150360.8339, 1271737.9938 ], [ 1150378.162900000112131, 1277116.4426 ], [ 1149250.1839, 1279409.5833 ], [ 1147403.5642, 1280313.4116 ], [ 1147057.773499999893829, 1282565.293800000101328 ], [ 1146366.4406, 1281742.0986 ], [ 1142503.7059, 1281269.0364 ], [ 1141008.3813, 1282824.3489 ], [ 1142450.3327, 1285003.3104 ], [ 1141490.1683, 1286383.0202 ], [ 1139664.891099999891594, 1286562.838200000114739 ], [ 1139816.318600000115111, 1287791.054199999896809 ], [ 1138548.4676, 1288606.0536 ], [ 1139358.9618, 1290148.7259 ], [ 1142701.985399999888614, 1291016.3926 ], [ 1142213.9689, 1292721.9087 ], [ 1142970.2372, 1297949.3032 ], [ 1139939.9339, 1299948.6784 ], [ 1138513.3046, 1299330.8406 ], [ 1136824.276800000108778, 1301305.8856 ], [ 1136291.3251, 1303028.8364 ], [ 1137281.5504, 1305241.436599999899045 ], [ 1136539.5258, 1307639.4722 ], [ 1133791.0637, 1310811.2753 ], [ 1135846.2174, 1315890.0556 ], [ 1133804.987600000109524, 1317536.0755 ], [ 1133112.6344, 1321036.4195 ], [ 1130634.0075, 1324470.1353 ], [ 1131669.8587, 1324718.1635 ], [ 1132643.312699999893084, 1328201.4331 ], [ 1131819.343000000109896, 1328934.4615 ], [ 1130974.9461, 1328244.6068 ], [ 1129586.833000000100583, 1329565.8484 ], [ 1128455.093399999896064, 1329351.918099999893457 ], [ 1126716.6534, 1331334.9047 ], [ 1127856.1956, 1332555.0036 ], [ 1127099.089, 1333592.741300000110641 ], [ 1127551.9764, 1335668.343399999896064 ], [ 1125406.0422, 1335890.8513 ], [ 1124922.8517, 1337377.9375 ], [ 1124359.5141, 1336808.125 ], [ 1122345.6941, 1337826.921799999894574 ], [ 1122684.9442, 1341106.1513 ], [ 1125741.7896, 1342396.0585 ], [ 1125992.6087, 1344700.3248 ], [ 1125112.3769, 1347349.3544 ], [ 1121136.5569, 1349964.5914 ], [ 1120119.6262, 1351275.7629 ], [ 1120430.1402, 1352589.8292 ], [ 1114737.2178, 1356911.8477 ], [ 1115035.2686, 1358770.8531 ], [ 1112513.1353, 1360231.6153 ], [ 1111281.1561, 1361982.5364 ], [ 1111525.2338, 1363746.889600000111386 ], [ 1109609.8391, 1364742.2922 ], [ 1109622.7268, 1368719.6726 ], [ 1111479.72, 1369990.9397 ], [ 1115398.9424, 1370924.8386 ], [ 1115833.4782, 1372038.1605 ], [ 1115590.8416, 1374602.9356 ], [ 1114619.5171, 1374613.2415 ], [ 1113961.0355, 1375649.7065 ], [ 1114036.349299999885261, 1377126.0105 ], [ 1112060.7559, 1381050.145899999886751 ], [ 1112996.3411, 1383341.3835 ], [ 1111680.5122, 1384361.4409 ], [ 1112647.8995, 1386041.0901 ], [ 1108853.948799999896437, 1386576.5186 ], [ 1109412.5953, 1391863.9094 ], [ 1106119.7729, 1392205.656600000103936 ], [ 1104693.1744, 1390756.9152 ], [ 1102264.187300000106916, 1390825.4006 ], [ 1101260.3549, 1391354.4387 ], [ 1102327.038, 1392289.759800000116229 ], [ 1101383.6972, 1393780.7775 ], [ 1099967.598, 1393547.4534 ], [ 1097806.314, 1395083.6336 ], [ 1097094.9648, 1397151.9742 ], [ 1095330.7586, 1397084.6186 ], [ 1095402.8616, 1400253.3843 ], [ 1092502.7226, 1402655.7728 ], [ 1091976.677, 1408343.352999999886379 ], [ 1084125.4087, 1411988.7303 ], [ 1083166.5641, 1409512.5263 ], [ 1081547.6281, 1410796.2475 ], [ 1079494.2278, 1410589.6886 ], [ 1079635.8734, 1413825.1266 ], [ 1082287.459, 1416568.292700000107288 ], [ 1081688.4439, 1418624.7271 ], [ 1078333.3344, 1419521.1526 ], [ 1076953.0492, 1421109.6619 ], [ 1076563.867799999890849, 1418669.4308 ], [ 1075763.3088, 1420689.817100000102073 ], [ 1077553.8693, 1423725.3603 ], [ 1077615.6416, 1426462.8498 ], [ 1079255.1213, 1427984.2743 ], [ 1079378.3228, 1429085.9275 ], [ 1075037.5292, 1433299.9074 ], [ 1074339.7239, 1435932.8572 ], [ 1071338.3943, 1434923.1908 ], [ 1072298.7028, 1432006.7686 ], [ 1070735.979100000113249, 1431195.4137 ], [ 1067665.0436, 1432073.4226 ], [ 1066077.8329, 1436630.3415 ], [ 1063116.5802, 1437906.6491 ], [ 1063649.3152, 1438493.6022 ], [ 1063279.8842, 1441232.2188 ], [ 1064447.2928, 1443344.2085 ], [ 1063633.2438, 1445031.860399999888614 ], [ 1062602.468399999896064, 1445335.4204 ], [ 1060869.4394, 1449047.5784 ], [ 1061585.8608, 1450145.8882 ], [ 1062776.0969, 1449171.110000000102445 ], [ 1064459.2222, 1449849.0772 ], [ 1063407.0826, 1452958.5359 ], [ 1065230.311, 1454605.10260000010021 ], [ 1066016.819700000109151, 1456621.0069 ], [ 1067477.6641, 1457310.9877 ], [ 1066397.0818, 1458957.6864 ], [ 1067002.868899999884889, 1459842.6641 ], [ 1066583.1807, 1460857.3057 ], [ 1068696.6612, 1462217.3257 ], [ 1065868.6188, 1464617.2263 ], [ 1066286.1153, 1466032.8126 ], [ 1065051.3376, 1472369.0836 ], [ 1062878.8671, 1471995.5084 ], [ 1059708.6822, 1472739.9596 ], [ 1058612.9291, 1475213.3485 ], [ 1057607.531, 1475601.1209 ], [ 1056881.2512, 1473992.8439 ], [ 1055209.2028, 1474012.8168 ], [ 1054582.027199999894947, 1473031.4811 ], [ 1050317.169, 1472614.8583 ], [ 1049236.0989, 1473834.4786 ], [ 1046658.1672, 1474776.6541 ], [ 1046414.1766, 1475808.693600000115111 ], [ 1044774.1728, 1476245.3507999998983 ], [ 1046038.0188, 1478684.8298 ], [ 1043961.0323, 1479378.8191 ], [ 1041144.5343, 1482696.5375 ], [ 1040892.3969, 1479766.8665 ], [ 1039615.463, 1477103.2467 ], [ 1038907.9292, 1476980.9037 ], [ 1037855.1341, 1477296.9775 ], [ 1037837.9076, 1478441.8634 ], [ 1036207.2534, 1480016.2168 ], [ 1036691.6463, 1480425.1493 ], [ 1034280.4953, 1483124.5326 ], [ 1032571.5502, 1483859.0963 ], [ 1031842.9689, 1480889.8664 ], [ 1029726.8167, 1478482.1646 ], [ 1025959.244, 1482240.6948 ], [ 1024242.4432, 1480462.327 ], [ 1022316.4839, 1481171.0423 ], [ 1022099.363, 1479836.6168 ], [ 1020070.4617, 1479315.385 ], [ 1019806.778, 1480146.499800000106916 ], [ 1016671.15, 1480396.8487 ], [ 1014931.0798, 1481922.6871 ], [ 1013035.7369, 1481489.9932 ], [ 1012325.965, 1481854.956900000106543 ], [ 1012824.4256, 1484940.0759 ], [ 1010143.0273, 1485595.7706 ], [ 1010900.4646, 1487333.6043 ], [ 1008526.4549, 1490930.3987 ], [ 1005656.9978, 1491982.9199 ], [ 1003581.885, 1490012.1874 ], [ 1001204.307, 1492827.4781 ], [ 1002653.9642, 1493964.3946 ], [ 1001445.1151, 1495752.4878 ], [ 999762.340699999942444, 1495938.8316 ], [ 999414.626599999959581, 1496961.459500000113621 ], [ 997535.640999999945052, 1495723.9076 ], [ 994619.0161, 1496034.566399999894202 ], [ 994456.51, 1497313.8857 ], [ 992520.843299999949522, 1497611.4231 ], [ 992906.4806, 1498799.8818 ], [ 992055.51879999996163, 1499905.6341 ], [ 988107.516300000017509, 1500829.3244 ], [ 986887.737300000037067, 1503494.3989 ], [ 985746.772099999943748, 1503613.2548 ], [ 984457.254599999985658, 1506760.8195 ], [ 979999.171899999957532, 1505815.8708 ], [ 979427.226999999955297, 1507138.6217 ], [ 980922.261799999978393, 1508969.0944 ], [ 980257.199099999968894, 1510359.0015 ], [ 980824.98030000005383, 1511504.2324 ], [ 979581.260600000037812, 1513936.4443 ], [ 980290.928700000047684, 1515484.354100000113249 ], [ 977114.013700000010431, 1515645.5607 ], [ 976890.921199999982491, 1514525.9755 ], [ 975261.205599999986589, 1515095.2512 ], [ 974588.486200000043027, 1512979.0765 ], [ 971914.778399999951944, 1513671.241699999896809 ], [ 971035.989799999981187, 1510879.4223 ], [ 967799.53000000002794, 1512559.687300000106916 ], [ 965651.636399999959394, 1511340.1284 ], [ 961694.45140000001993, 1516983.1027 ], [ 957185.891300000017509, 1520883.2281 ], [ 953961.007899999967776, 1520437.8198 ], [ 953569.452799999970011, 1517881.8884 ], [ 951619.271799999987707, 1516274.2323 ], [ 949769.220300000044517, 1518874.6573 ], [ 947280.601099999970756, 1517768.3084 ], [ 945857.769199999980628, 1518997.402900000102818 ], [ 944157.558399999979883, 1516802.306399999884889 ], [ 942439.942700000014156, 1516356.9714 ], [ 942414.8421, 1515581.2867 ], [ 944879.094799999962561, 1514996.7781 ], [ 947453.032299999962561, 1512950.1913 ], [ 948094.863699999987148, 1513924.751299999887124 ], [ 948967.3822, 1513442.764600000111386 ], [ 948015.757300000055693, 1512494.971 ], [ 946870.6949, 1512907.0842 ], [ 945465.2367, 1512127.7066 ], [ 945311.434, 1511317.6042 ], [ 942634.709099999978207, 1513476.457299999892712 ], [ 940612.040799999958836, 1511609.2553 ], [ 940452.800000000046566, 1509488.9307 ], [ 939376.448100000037812, 1510082.7966 ], [ 938519.043799999984913, 1509551.8076 ], [ 936662.570399999967776, 1506013.1638 ], [ 934170.9536, 1504768.824 ], [ 929760.352399999974295, 1499459.2715 ], [ 929765.908799999975599, 1498510.8317 ], [ 926881.805000000051223, 1499850.7398 ], [ 925146.23589999997057, 1498872.044199999887496 ], [ 923756.708100000047125, 1497384.7628 ], [ 923521.0514, 1495358.3877 ], [ 922250.308100000023842, 1493514.1134 ], [ 923004.87210000003688, 1492019.411 ], [ 920681.311100000049919, 1487601.9591 ], [ 920742.325900000054389, 1486248.9193 ], [ 917168.564099999959581, 1484362.7574 ], [ 915412.33019999996759, 1481054.3355 ], [ 908849.438199999975041, 1477527.1764 ], [ 908340.320300000021234, 1479041.2947 ], [ 905125.920999999972992, 1482294.2555 ], [ 905720.0109, 1483151.2356 ], [ 903999.582599999965169, 1483966.0458 ], [ 904650.036700000055134, 1485898.7236 ], [ 903654.9778, 1486798.180299999890849 ], [ 902373.0651, 1486649.5125 ], [ 901767.54929999995511, 1487065.3553 ], [ 902166.784100000048056, 1487591.828599999891594 ], [ 900466.482700000051409, 1488227.4023 ], [ 899995.87120000005234, 1486261.8982 ], [ 898119.258000000030734, 1485531.037900000112131 ], [ 894922.26879999996163, 1487621.403299999888986 ], [ 895610.522899999981746, 1490569.9228 ], [ 894523.422000000020489, 1490665.0636 ], [ 893840.2352, 1493246.2529 ], [ 891973.461000000010245, 1492838.35260000010021 ], [ 891487.990899999975227, 1491636.6201 ], [ 889304.140800000051968, 1491442.6417 ], [ 887969.292099999962375, 1494146.0759 ], [ 884108.758200000040233, 1494998.7626 ], [ 882161.608600000035949, 1496725.0567 ], [ 880048.385800000047311, 1495478.343399999896064 ], [ 878483.028399999951944, 1496024.4774 ], [ 877067.282600000035018, 1492815.2013 ], [ 875175.698199999984354, 1492149.471700000111014 ], [ 874158.95409999997355, 1492606.6047 ], [ 873338.381999999983236, 1495384.7999 ], [ 871175.316800000029616, 1495676.1144 ], [ 868986.452799999970011, 1494528.454 ], [ 867695.403700000024401, 1494819.2515 ], [ 864947.8909, 1492526.773499999893829 ], [ 867045.4129, 1488798.3924 ], [ 866964.951099999947473, 1488004.6586 ], [ 865584.642600000021048, 1487371.8773 ], [ 864865.339599999948405, 1485073.2054 ], [ 859610.175900000031106, 1485526.8998 ], [ 859108.367899999953806, 1486969.5677 ], [ 856647.474200000055134, 1487923.241300000110641 ], [ 857743.4608, 1494277.7059 ], [ 855824.919100000057369, 1498786.0398 ], [ 847557.677099999971688, 1504647.812300000106916 ], [ 840068.100899999961257, 1505616.0514 ], [ 838369.8811, 1511896.136299999896437 ], [ 839541.3493, 1513303.0038 ], [ 839297.99730000004638, 1515113.4894 ], [ 837575.9153, 1514416.9021 ], [ 833323.887600000016391, 1516702.186 ], [ 834149.669400000013411, 1518789.5031 ], [ 833760.316, 1520797.2597 ], [ 830303.9521, 1524011.8346 ], [ 830267.9621, 1524757.694700000109151 ], [ 832928.5098, 1527100.1916 ], [ 830893.947700000018813, 1531243.5925 ], [ 832808.8898, 1532134.1658 ], [ 833601.382100000046194, 1531195.6323 ], [ 834393.480699999956414, 1531379.168800000101328 ], [ 835263.493099999963306, 1532970.7013 ], [ 836627.70429999998305, 1531943.4393 ], [ 838470.653799999970943, 1532824.2383 ], [ 838232.255699999979697, 1535464.9995 ], [ 846117.827200000057928, 1533512.2505 ], [ 848040.483600000035949, 1538932.1156 ], [ 851195.584200000041164, 1541248.2329 ], [ 851491.188700000056997, 1543054.0359 ], [ 852505.454900000011548, 1543649.1683 ], [ 852584.254199999966659, 1547404.2526 ], [ 853871.41980000003241, 1549114.7761 ], [ 855049.179200000013225, 1548705.1375 ], [ 854550.216699999989942, 1550109.433600000105798 ], [ 857479.40300000004936, 1552064.973199999891222 ], [ 857094.9399, 1554431.3542 ], [ 858368.033199999947101, 1554748.0518 ], [ 858758.263400000054389, 1556771.3147 ], [ 861123.784100000048056, 1556785.2114 ], [ 862443.7071, 1557841.2298 ], [ 863043.6679, 1557018.043 ], [ 866578.899300000048243, 1557756.6604 ], [ 867457.721299999975599, 1557555.148 ], [ 867773.331, 1555783.3644 ], [ 869111.226600000052713, 1557138.6662 ], [ 871910.135400000028312, 1555886.639 ], [ 872800.1252, 1557798.4337 ], [ 871218.841200000024401, 1559217.2053 ], [ 870920.729799999971874, 1562231.5498 ], [ 872915.027200000011362, 1564535.8406 ], [ 872904.543799999984913, 1566036.9463 ], [ 874928.191, 1567971.6293 ], [ 873436.9373, 1569623.459500000113621 ], [ 872420.860100000048988, 1568767.193600000115111 ], [ 871727.568199999979697, 1569470.9529 ], [ 870094.7267, 1568860.9402 ], [ 869470.0651, 1571811.8622 ], [ 870225.948899999959394, 1573654.964699999894947 ], [ 871177.930000000051223, 1574069.1527 ], [ 870932.843800000031479, 1576454.1526 ], [ 869457.699099999968894, 1576763.8893 ], [ 869215.5636, 1578124.6413 ], [ 867505.775600000051782, 1578573.22760000010021 ], [ 865866.7833999999566, 1580669.0907 ], [ 867365.124199999962002, 1583832.3041 ], [ 864706.486200000043027, 1584552.589300000108778 ], [ 864596.574999999953434, 1586170.52239999989979 ], [ 866617.917400000034831, 1588348.1698 ], [ 868680.1178, 1588974.3776 ], [ 868926.564000000013039, 1592975.9446 ], [ 873278.1104, 1595133.4564 ], [ 873273.73679999995511, 1597111.6668 ], [ 872479.209200000041164, 1597357.9713 ], [ 872302.631399999954738, 1598611.4792 ], [ 873707.3737, 1600795.7603 ], [ 873933.5627, 1602948.723 ], [ 874960.977100000018254, 1601845.6122 ], [ 874889.237100000027567, 1603459.4548 ], [ 873259.060999999986961, 1602956.7427 ], [ 874741.741099999984726, 1605618.4106 ], [ 871531.445199999958277, 1608450.046400000108406 ], [ 871563.710899999947287, 1609337.3558 ], [ 869021.969200000050478, 1608628.981300000101328 ], [ 867362.0087, 1609416.1571 ], [ 864710.911100000026636, 1614606.5004 ], [ 861904.693199999979697, 1617177.03 ], [ 861414.985699999961071, 1618736.417700000107288 ], [ 859248.384399999980815, 1619646.9513 ], [ 861190.4288, 1621122.0202 ], [ 860733.32929999998305, 1623154.0058 ], [ 861928.508799999952316, 1622308.8022 ], [ 864010.051800000015646, 1622638.287 ], [ 863529.1396, 1623733.0674 ], [ 865332.105800000019372, 1623896.8787 ], [ 866024.886399999959394, 1625030.5259 ], [ 864231.467799999983981, 1628231.8165 ], [ 862460.323699999949895, 1628391.4407 ], [ 863970.773799999966286, 1629705.1427 ], [ 867951.324099999968894, 1629689.9508 ], [ 871345.501000000047497, 1628425.746100000105798 ], [ 872385.73679999995511, 1629912.0483 ], [ 872451.648399999947287, 1628881.8336 ], [ 873093.145299999974668, 1629313.4879 ], [ 874904.902299999957904, 1628015.9442 ], [ 876879.7193, 1628345.236500000115484 ], [ 877452.771399999968708, 1627770.1776 ], [ 878746.317200000048615, 1628104.8096 ], [ 879400.30980000004638, 1629238.8888 ], [ 881855.268700000015087, 1628615.193 ], [ 882057.98430000001099, 1627018.3676 ], [ 880576.732599999988452, 1626982.4013 ], [ 880243.998299999977462, 1626271.1797 ], [ 881349.242199999978766, 1624249.5195 ], [ 884363.666199999977835, 1622097.2787 ], [ 884895.179200000013225, 1622852.7971 ], [ 887358.771399999968708, 1622556.4165 ], [ 888593.074799999943934, 1621298.6228 ], [ 890662.488699999987148, 1623121.9744 ], [ 890274.13710000005085, 1625219.6929 ], [ 889094.730699999956414, 1626104.3192 ], [ 889591.71840000001248, 1627830.6671 ], [ 890757.485800000024028, 1627108.6624 ], [ 892343.092900000046939, 1628782.8775 ], [ 894381.008400000049733, 1626417.834 ], [ 895631.438899999950081, 1626705.3628 ], [ 898815.287999999942258, 1625342.7654 ], [ 899628.071699999971315, 1627372.2299 ], [ 901459.118000000016764, 1628228.0258 ], [ 901181.325399999972433, 1630252.8315 ], [ 902049.012899999972433, 1630962.5854 ], [ 901470.582799999974668, 1632864.8034 ], [ 899215.222199999960139, 1634444.5055 ], [ 898829.23699999996461, 1635762.3263 ], [ 898757.20609999995213, 1640643.6023 ], [ 897586.243400000035763, 1643037.4936 ], [ 898786.862199999974109, 1644106.317499999888241 ], [ 897681.500600000028498, 1644945.6482 ], [ 898501.517800000030547, 1646789.2656 ], [ 897968.843699999968521, 1647231.0226 ], [ 899749.277400000020862, 1647487.2969 ], [ 902233.923199999961071, 1649275.3354 ], [ 900758.8944, 1650682.1787 ], [ 903866.41980000003241, 1652755.5994 ], [ 903333.526700000045821, 1654248.2326 ], [ 905375.344900000025518, 1652834.699 ], [ 906438.817000000039116, 1653444.6365 ], [ 906479.254900000058115, 1654826.3665 ], [ 905364.472100000013597, 1656244.6598 ], [ 906143.839000000036322, 1656676.0476 ], [ 905793.1459, 1658136.565 ], [ 904300.364799999981187, 1658085.758300000103191 ], [ 904050.688899999950081, 1658733.894400000106543 ], [ 903173.260299999965355, 1658156.8317 ], [ 902030.24820000003092, 1659677.8768 ], [ 902433.4499, 1660657.686200000112876 ], [ 901712.531399999978021, 1661870.0827 ], [ 900167.502199999988079, 1661361.0214 ], [ 898549.571899999980815, 1662239.4035 ], [ 899237.738699999987148, 1665009.9631 ], [ 898031.3099, 1665245.1868 ], [ 894703.4266, 1663286.4664 ], [ 896121.54680000001099, 1664757.5726 ], [ 897136.580300000030547, 1669979.8882 ] ] ] } },
{ "type": "Feature", "properties": { "id": "WHSE_ADMIN_BOUNDARIES.ADM_NR_REGIONS_SPG.Thompson-Okanagan Natural Resource Region", "REGION_NAME": "Thompson-Okanagan Natural Resource Region", "ORG_UNIT": "RTO", "ORG_UNIT_NAME": "Thompson-Okanagan Natural Resource Region", "FEATURE_CODE": "FM90000010", "FEATURE_NAME": "Natural Resource Region", "OBJECTID": 3639, "SE_ANNO_CAD_DATA": null, "FEATURE_AREA_SQM": 75126475892.358307, "FEATURE_LENGTH_M": 2465336.905 }, "geometry": { "type": "Polygon", "coordinates": [ [ [ 1162742.6275, 654314.58109999995213 ], [ 1163891.8077, 654048.851099999970756 ], [ 1164636.2415, 656933.76859999995213 ], [ 1167878.1673, 656244.260499999974854 ], [ 1170035.6461, 660506.359700000029989 ], [ 1171415.2125, 660026.214700000011362 ], [ 1173749.4925, 660676.746799999964423 ], [ 1175102.616300000110641, 663985.25 ], [ 1178241.5773, 664289.814400000032037 ], [ 1178930.2237, 667340.8225 ], [ 1180776.0023, 666596.7537 ], [ 1181506.6287, 665225.662499999976717 ], [ 1183219.6786, 668033.274699999950826 ], [ 1183195.0606, 669715.837399999960326 ], [ 1184866.822300000116229, 667453.9423 ], [ 1187483.9863, 667891.195799999986775 ], [ 1188231.0632, 666440.29570000001695 ], [ 1189772.6418, 668235.774800000013784 ], [ 1193230.3283, 668885.740600000019185 ], [ 1192113.16510000010021, 671724.31429999996908 ], [ 1192552.527199999894947, 673643.065900000045076 ], [ 1195501.0681, 676994.811299999943003 ], [ 1197307.294199999887496, 676972.981600000057369 ], [ 1199026.3203, 679886.6139 ], [ 1198915.4161, 682129.417299999971874 ], [ 1199967.41510000010021, 684164.852500000037253 ], [ 1202152.9779, 684818.780400000046939 ], [ 1204763.9985, 683880.784800000023097 ], [ 1204381.659200000111014, 684855.705500000040047 ], [ 1205505.3247, 684866.5564 ], [ 1206675.2164, 686524.130400000023656 ], [ 1205530.0766, 687563.3162 ], [ 1205901.2426, 689424.674699999974109 ], [ 1204508.5637, 689981.212300000013784 ], [ 1204665.3717, 692747.841499999980442 ], [ 1207060.6198, 691612.209799999953248 ], [ 1213160.5988, 691150.0747 ], [ 1217407.2527, 688998.445799999986775 ], [ 1218037.3585, 687914.083800000022165 ], [ 1219128.9183, 688209.396500000031665 ], [ 1221233.925100000109524, 687107.838499999954365 ], [ 1221939.7995, 686077.189800000051036 ], [ 1225963.856300000101328, 686157.010800000047311 ], [ 1226786.2457, 687333.267400000011548 ], [ 1228337.5639, 687580.2548 ], [ 1228969.1734, 685593.559299999964423 ], [ 1230998.3216, 684374.227700000046752 ], [ 1230417.6515, 683706.932099999976344 ], [ 1232614.2503, 681069.728800000040792 ], [ 1236778.269, 679535.8957 ], [ 1237355.5968, 681266.640400000032969 ], [ 1239257.8089, 681620.362500000046566 ], [ 1239193.801200000103563, 683121.312900000018999 ], [ 1237770.1539, 683131.821800000034273 ], [ 1236704.1244, 684810.648799999966286 ], [ 1237951.4243, 686053.172400000039488 ], [ 1237341.3491, 687067.315599999972619 ], [ 1237781.946199999889359, 690018.0749 ], [ 1239845.949899999890476, 690670.777699999976903 ], [ 1240791.350400000112131, 693687.582500000018626 ], [ 1242094.1048, 694374.7195 ], [ 1243747.6946, 692933.398399999947287 ], [ 1248568.218399999896064, 695125.861400000052527 ], [ 1249265.555299999890849, 695893.721800000057556 ], [ 1248994.8142, 697409.059299999964423 ], [ 1250826.9702, 699463.108299999963492 ], [ 1252383.3122, 699645.076499999966472 ], [ 1255625.7863, 702252.932599999941885 ], [ 1261613.7239, 700352.209900000016205 ], [ 1265156.4985, 703443.8665 ], [ 1267397.750900000100955, 697488.868000000016764 ], [ 1268486.8969, 697182.604599999962375 ], [ 1268748.055299999890849, 694240.353800000040792 ], [ 1271026.618899999884889, 692247.729199999943376 ], [ 1273873.1775, 691772.2243 ], [ 1275491.5653, 690484.2489 ], [ 1276751.4143, 688603.521799999987707 ], [ 1276315.1954, 686488.701899999985471 ], [ 1282523.4319, 682775.5196 ], [ 1283743.9988, 678371.3724 ], [ 1286656.9332, 673875.771199999959208 ], [ 1286568.7565, 671765.134300000034273 ], [ 1289990.116, 668473.6496 ], [ 1292161.696, 668894.135200000018813 ], [ 1292850.3365, 671433.943199999979697 ], [ 1297525.501299999887124, 670478.614599999971688 ], [ 1299421.9542, 670824.913599999970756 ], [ 1299276.8195, 672395.56070000003092 ], [ 1303605.0994, 671234.744700000039302 ], [ 1306080.7037, 672342.767 ], [ 1306292.168099999893457, 671607.772600000025705 ], [ 1306929.2555, 672079.033500000019558 ], [ 1306349.660300000105053, 674516.767600000021048 ], [ 1318801.5804, 675303.474900000030175 ], [ 1318341.132200000109151, 676180.1971 ], [ 1319709.970599999884143, 679900.107599999988452 ], [ 1324813.7389, 681497.629500000039116 ], [ 1325444.9, 682615.637699999962933 ], [ 1327695.3363, 678879.1873 ], [ 1332506.258300000103191, 679329.333800000022165 ], [ 1332711.3993, 676245.896500000031665 ], [ 1335788.7788, 676245.418199999956414 ], [ 1335240.1328, 673245.084599999943748 ], [ 1339533.8644, 673246.9876 ], [ 1340587.9209, 672551.1385 ], [ 1341494.5025, 673160.718499999959022 ], [ 1343035.996, 672258.5588 ], [ 1344759.1353, 674907.377499999944121 ], [ 1343201.027900000102818, 676961.568300000042655 ], [ 1354996.2896, 677811.658999999985099 ], [ 1354887.7173, 679213.613299999968149 ], [ 1354058.8294, 679154.3785 ], [ 1352845.4832, 681391.817400000058115 ], [ 1353752.2345, 684398.222199999960139 ], [ 1352774.304900000104681, 686076.016700000036508 ], [ 1353578.781, 688386.810199999948964 ], [ 1356987.4897, 685500.507499999948777 ], [ 1357922.971700000111014, 685992.964799999957904 ], [ 1357528.8638, 693974.633799999952316 ], [ 1358546.6585, 695235.946400000015274 ], [ 1360952.4645, 695024.1751 ], [ 1362032.3681, 696197.009100000024773 ], [ 1365708.9185, 694798.463600000017323 ], [ 1367772.3814, 697665.488499999977648 ], [ 1370029.1598, 697158.384700000053272 ], [ 1368823.8255, 695728.830300000030547 ], [ 1370009.9224, 693976.155299999983981 ], [ 1373925.0995, 695498.044400000013411 ], [ 1376550.1863, 695545.072200000053272 ], [ 1376440.770500000100583, 697002.801699999952689 ], [ 1377478.2686, 697082.089000000036322 ], [ 1377748.6641, 698141.321400000015274 ], [ 1376808.6635, 702939.946400000015274 ], [ 1378147.2888, 703580.571400000015274 ], [ 1379377.3683, 702377.516500000027008 ], [ 1378992.1515, 707417.822200000053272 ], [ 1387241.1079, 708604.46730000001844 ], [ 1387087.6893, 709756.376700000022538 ], [ 1385437.486500000115484, 710252.695799999986775 ], [ 1378804.0022, 709881.251000000047497 ], [ 1377885.2156, 722733.579799999948591 ], [ 1380469.882200000109151, 723174.804899999988265 ], [ 1379037.8109, 723601.667200000025332 ], [ 1377796.9122, 722887.817799999960698 ], [ 1377075.9756, 732168.773200000054203 ], [ 1378743.8995, 732093.45319999998901 ], [ 1380291.8246, 730293.188300000037998 ], [ 1381774.2396, 732921.885499999974854 ], [ 1384384.7937, 731884.667299999971874 ], [ 1384272.2219, 733330.449200000031851 ], [ 1386609.7833, 733512.456400000024587 ], [ 1386530.1221, 734535.403399999951944 ], [ 1384931.677, 735643.492699999944307 ], [ 1383253.7148, 735250.7487 ], [ 1382793.7386, 736148.0026 ], [ 1381797.3485, 736008.1539000000339 ], [ 1381352.0199, 741727.347199999960139 ], [ 1384391.5642, 743202.775600000051782 ], [ 1384063.624800000106916, 743732.870299999951385 ], [ 1385334.7548, 744513.914699999964796 ], [ 1385029.2893, 745833.320100000011735 ], [ 1387067.0787, 746038.818699999945238 ], [ 1387564.909200000111014, 746859.452399999951012 ], [ 1386078.4615, 748569.007699999958277 ], [ 1384717.5973, 748051.074799999943934 ], [ 1381506.2893, 750210.499300000024959 ], [ 1380356.3073, 752403.359399999957532 ], [ 1381010.1789, 753061.3519 ], [ 1380587.7807, 753489.177400000044145 ], [ 1378567.0417, 754704.911899999948218 ], [ 1375360.617799999890849, 754499.883200000040233 ], [ 1374350.0324, 767386.673500000033528 ], [ 1377552.9627, 767635.917999999946915 ], [ 1380427.4543, 773816.333300000056624 ], [ 1379264.3622, 774461.6539000000339 ], [ 1377609.1235, 773486.551699999952689 ], [ 1376108.5885, 773862.152800000039861 ], [ 1375430.8277, 774772.066400000010617 ], [ 1375565.0323, 777148.6629 ], [ 1373611.1395, 776996.6496 ], [ 1373539.6702, 777927.566499999957159 ], [ 1372632.2351, 775602.517 ], [ 1369441.6242, 775356.528500000014901 ], [ 1368889.976899999892339, 776123.604399999952875 ], [ 1369829.1003, 777078.800799999968149 ], [ 1370290.996100000105798, 776641.127300000051036 ], [ 1370014.72, 777117.033199999947101 ], [ 1372019.999800000106916, 776118.999199999962002 ], [ 1373500.317499999888241, 778440.008200000040233 ], [ 1373268.1978, 781477.618299999972805 ], [ 1380060.8805, 784377.300200000056066 ], [ 1380683.4467, 783180.832000000053085 ], [ 1381746.2893, 783186.695199999958277 ], [ 1384810.9745, 784740.207000000053085 ], [ 1385902.0747, 785932.353299999958836 ], [ 1385377.4879, 786459.7548 ], [ 1388803.8015, 788884.939699999988079 ], [ 1391143.3805, 788937.047299999976531 ], [ 1392074.6657, 789963.921199999982491 ], [ 1391783.5385, 791384.133799999952316 ], [ 1395456.6208, 791911.411300000036135 ], [ 1392540.927, 794468.649899999960326 ], [ 1390628.5022, 793786.253999999957159 ], [ 1389062.8148, 794731.3654 ], [ 1388219.216, 797278.919299999950454 ], [ 1389198.7552, 800597.167499999981374 ], [ 1390209.6352, 801436.661700000055134 ], [ 1388046.6505, 805276.398200000054203 ], [ 1388470.600400000112131, 807335.553599999984726 ], [ 1387814.6717, 809823.918199999956414 ], [ 1386515.9199, 810247.802600000053644 ], [ 1383497.9715, 806799.9497 ], [ 1381631.612, 807771.453300000051968 ], [ 1382324.9985, 809906.04570000001695 ], [ 1381807.124800000106916, 810515.991900000022724 ], [ 1382870.1188, 811342.123799999943003 ], [ 1381723.9215, 813171.179600000032224 ], [ 1382160.616699999896809, 814039.505699999979697 ], [ 1381322.2982, 815148.7243 ], [ 1379635.857, 815314.723 ], [ 1378508.9978, 818239.971600000048056 ], [ 1376408.5241, 819845.538399999961257 ], [ 1374449.6956, 822862.500600000028498 ], [ 1376311.4533, 825380.007800000021234 ], [ 1373274.2507, 827720.788199999951757 ], [ 1371895.5518, 827425.750499999965541 ], [ 1371261.3339, 828231.0087 ], [ 1372530.5657, 829392.994300000020303 ], [ 1371346.4713, 830325.073100000037812 ], [ 1372399.6113, 834701.6827 ], [ 1374796.8472, 835984.167000000015832 ], [ 1375936.662900000112131, 838252.235800000024028 ], [ 1371627.0444, 841798.605699999956414 ], [ 1370029.8936, 842076.076499999966472 ], [ 1369567.3977, 843370.329200000036508 ], [ 1371380.460600000107661, 846414.509700000053272 ], [ 1375431.5923, 847448.4068 ], [ 1376343.2379, 849506.329400000046007 ], [ 1379337.5829, 851175.083100000047125 ], [ 1381162.1997, 850461.981099999975413 ], [ 1383287.9607, 855275.0305 ], [ 1384326.3066, 855720.8737 ], [ 1384817.7008, 857981.9865 ], [ 1386095.9125, 857823.19960000005085 ], [ 1385817.5873, 860308.741700000013225 ], [ 1389102.9842, 861814.388099999981932 ], [ 1388731.3814, 863557.951699999975972 ], [ 1385141.2579, 864977.853499999968335 ], [ 1386721.1032, 868280.866599999950267 ], [ 1384703.3793, 870648.139199999975972 ], [ 1386049.608900000108406, 871750.297799999942072 ], [ 1383960.6674, 872885.9939 ], [ 1385320.1077, 875626.404699999955483 ], [ 1383896.8786, 876394.078899999964051 ], [ 1383418.1353, 878576.998400000040419 ], [ 1380633.1534, 878550.681499999947846 ], [ 1380218.09, 879190.036399999982677 ], [ 1381753.7488, 879981.1507 ], [ 1382863.823400000110269, 882829.651900000055321 ], [ 1380527.232800000114366, 884544.646700000041164 ], [ 1380920.5499, 885882.124199999962002 ], [ 1381836.718399999896064, 887568.376500000013039 ], [ 1383908.9649, 888488.762299999943934 ], [ 1385382.9883, 887189.406700000050478 ], [ 1386362.9641, 887666.0954 ], [ 1388334.4604, 890179.018399999942631 ], [ 1391146.6415, 888228.682099999976344 ], [ 1393665.824500000104308, 890450.331699999980628 ], [ 1395313.3274, 889156.474799999967217 ], [ 1396517.4925, 886615.074799999943934 ], [ 1400358.4898, 884449.887600000016391 ], [ 1402837.5406, 877600.2942 ], [ 1405942.8814, 875779.566 ], [ 1406431.3337, 873979.778999999980442 ], [ 1407141.7653, 873496.376200000056997 ], [ 1408052.262000000104308, 874451.850899999961257 ], [ 1409979.4222, 874481.5686 ], [ 1410257.6234, 873707.167299999971874 ], [ 1411398.8958, 873621.109199999948032 ], [ 1412997.1114, 870959.232700000051409 ], [ 1414790.7223, 871666.57640000001993 ], [ 1416371.4551, 870091.684200000017881 ], [ 1419828.0371, 868620.1006 ], [ 1421356.1952, 871236.5453 ], [ 1423896.9376, 870719.437999999965541 ], [ 1426534.1058, 873528.069200000027195 ], [ 1429852.4818, 874524.132499999948777 ], [ 1430423.1791, 871836.412499999976717 ], [ 1433069.149, 868828.980800000019372 ], [ 1435291.9755, 870459.910200000042096 ], [ 1436553.1976, 866596.122199999983422 ], [ 1438252.183600000105798, 867109.525400000042282 ], [ 1440705.9649, 869480.213100000051782 ], [ 1442245.5654, 868023.361599999945611 ], [ 1443376.1344, 868081.351799999945797 ], [ 1444027.8669, 869340.491599999950267 ], [ 1447364.9622, 870582.0954 ], [ 1447531.9801, 866863.953300000051968 ], [ 1446881.1338, 866081.5085 ], [ 1448783.496100000105798, 862968.183599999989383 ], [ 1452446.9423, 865232.299800000037067 ], [ 1453872.5909, 864660.092700000037439 ], [ 1457513.403299999888986, 865923.110800000024028 ], [ 1459441.6251, 865401.791199999977835 ], [ 1459679.0646, 869983.239599999971688 ], [ 1462334.5337, 873270.358499999972992 ], [ 1464524.9247, 874197.114399999962188 ], [ 1468471.2944, 870104.004300000029616 ], [ 1470194.6185, 865920.891500000027008 ], [ 1471240.7736, 865715.666899999952875 ], [ 1472189.3057, 866879.3774 ], [ 1473292.5084, 865118.1605 ], [ 1477707.870000000111759, 863741.597900000051595 ], [ 1477197.4249, 861419.078300000051968 ], [ 1478820.9472, 860447.694600000046194 ], [ 1479639.4035, 856590.846299999975599 ], [ 1481095.4638, 855528.4105 ], [ 1481548.4608, 854112.848299999954179 ], [ 1478310.293800000101328, 850926.637299999943934 ], [ 1477995.0175, 848705.958499999949709 ], [ 1479590.7046, 847241.6546 ], [ 1479174.5444, 842080.479900000034831 ], [ 1480694.2851, 839454.917600000044331 ], [ 1486013.7529, 838394.473499999963678 ], [ 1490077.0883, 835589.809400000027381 ], [ 1486784.8548, 833310.458600000012666 ], [ 1486539.4052, 831853.5945 ], [ 1484083.4681, 829978.799800000037067 ], [ 1483380.7293, 827422.244700000039302 ], [ 1487432.2612, 827188.386199999949895 ], [ 1487778.633, 825817.028399999951944 ], [ 1486806.1594, 824522.278599999961443 ], [ 1490768.3609, 821176.440700000035577 ], [ 1488397.905899999896064, 819448.167400000034831 ], [ 1488666.9271, 817220.4229 ], [ 1487653.3662, 815994.95719999994617 ], [ 1486968.4633, 812428.2071 ], [ 1488119.222, 811085.250099999946542 ], [ 1486853.3179, 808962.342900000046939 ], [ 1488607.8982, 807897.266300000017509 ], [ 1488850.0148, 806727.2931 ], [ 1485482.1663, 805108.806499999947846 ], [ 1484638.7726, 805664.178599999984726 ], [ 1482763.795300000114366, 804065.42090000002645 ], [ 1482608.714300000108778, 800793.6115 ], [ 1481674.3298, 800266.677600000053644 ], [ 1481061.1741, 797772.514399999985471 ], [ 1484902.1341, 797074.586400000029244 ], [ 1487062.0105, 795561.973400000017136 ], [ 1485847.999800000106916, 792510.636199999949895 ], [ 1483751.397000000113621, 792254.117899999953806 ], [ 1480963.6473, 793126.865499999956228 ], [ 1480442.137000000104308, 791574.759399999980815 ], [ 1481801.0968, 790374.885200000018813 ], [ 1482615.692, 787612.638099999981932 ], [ 1481112.736, 785126.134100000024773 ], [ 1483886.0599, 784003.069200000027195 ], [ 1484157.207, 783238.626700000022538 ], [ 1484484.055, 781956.069499999983236 ], [ 1483085.8792, 780934.99710000003688 ], [ 1483896.0778, 779063.478200000012293 ], [ 1485130.878, 777438.849399999948218 ], [ 1486429.8278, 778171.561699999962002 ], [ 1487584.4946, 777149.467599999974482 ], [ 1488745.035300000105053, 777225.625299999956042 ], [ 1489564.7981, 771285.499599999981001 ], [ 1487626.5591, 769606.869700000039302 ], [ 1487735.984, 765390.333300000056624 ], [ 1490389.6672, 761912.254199999966659 ], [ 1491870.9084, 761116.538500000024214 ], [ 1492206.1748, 761910.927799999946728 ], [ 1493106.449899999890476, 761817.189000000013039 ], [ 1495962.3015, 760079.6115 ], [ 1496172.941399999894202, 755874.124500000034459 ], [ 1495353.169199999887496, 754671.26969999994617 ], [ 1495856.7515, 751631.118099999963306 ], [ 1495017.1908, 749005.051499999943189 ], [ 1497938.9947, 748534.1091 ], [ 1499487.6245, 750324.319099999964237 ], [ 1500569.458399999886751, 748733.030200000037439 ], [ 1501752.9554, 749783.1457 ], [ 1502810.1287, 749440.310900000040419 ], [ 1505731.4116, 747252.765200000023469 ], [ 1504164.5313, 745972.724700000020675 ], [ 1504677.7799, 744118.3835 ], [ 1507724.2245, 742493.088299999944866 ], [ 1510471.590799999888986, 743120.961099999956787 ], [ 1510466.1319, 741292.606799999950454 ], [ 1511881.1622, 740876.706699999980628 ], [ 1512576.192499999888241, 738828.430500000016764 ], [ 1511893.9496, 737456.109700000029989 ], [ 1514774.0428, 735657.55039999994915 ], [ 1514310.8514, 733413.677799999946728 ], [ 1512532.8739, 732508.202999999979511 ], [ 1512937.4027, 728996.488299999968149 ], [ 1515464.4101, 725303.254300000029616 ], [ 1518140.47, 726527.7709 ], [ 1518588.4386, 726124.306100000045262 ], [ 1517751.0412, 724503.4288 ], [ 1517798.9032, 721961.2378 ], [ 1516552.1011, 720368.175000000046566 ], [ 1516805.1106, 718930.368299999972805 ], [ 1519379.0145, 716266.046100000035949 ], [ 1517927.611500000115484, 714926.712700000032783 ], [ 1518148.849, 713897.83019999996759 ], [ 1520290.0026, 712341.595100000035018 ], [ 1524936.4064, 712113.268700000015087 ], [ 1524966.5179, 710294.330599999986589 ], [ 1523945.469100000103936, 709619.89249999995809 ], [ 1523895.854, 708355.516399999964051 ], [ 1525267.5366, 707078.485800000024028 ], [ 1525448.7871, 703477.4878 ], [ 1526273.9759, 703274.782400000025518 ], [ 1526880.051200000103563, 701691.907400000025518 ], [ 1528307.8277, 701155.603200000012293 ], [ 1528909.5514, 701643.920999999972992 ], [ 1529751.2109, 700242.755400000023656 ], [ 1528811.0689, 698667.6873 ], [ 1529077.2029, 697079.363200000021607 ], [ 1530337.3597, 695904.364500000025146 ], [ 1529895.6309, 693790.755699999979697 ], [ 1530897.496499999891967, 693261.945700000040233 ], [ 1532378.8065, 694121.4092 ], [ 1535369.646, 690185.358299999963492 ], [ 1535417.4308, 689095.265600000042468 ], [ 1537524.5301, 688160.896799999987707 ], [ 1539194.0439, 681916.412499999976717 ], [ 1542224.7678, 683225.1102 ], [ 1542613.2096, 681725.192700000014156 ], [ 1541474.1107, 681117.819099999964237 ], [ 1540922.6202, 679180.8896 ], [ 1543068.283, 676881.962500000023283 ], [ 1542760.524599999887869, 675799.283500000019558 ], [ 1543991.7957, 674600.348400000017136 ], [ 1543349.7566, 673748.707999999984168 ], [ 1544514.5881, 672348.591200000024401 ], [ 1544068.9043, 671962.946699999971315 ], [ 1545772.9837, 667748.127499999944121 ], [ 1548610.983900000108406, 665965.3297 ], [ 1548565.7205, 662197.4756 ], [ 1549368.3577, 661677.1862 ], [ 1548768.621499999891967, 659672.213299999944866 ], [ 1551807.3624, 658488.579000000027008 ], [ 1549628.2209, 656934.800500000012107 ], [ 1550061.956900000106543, 655209.914800000027753 ], [ 1551655.114, 654971.414699999964796 ], [ 1553224.7828, 652498.928300000028685 ], [ 1553517.1198, 650071.01859999995213 ], [ 1552285.462, 647605.896599999978207 ], [ 1552667.632599999895319, 645755.552099999971688 ], [ 1551053.656, 645522.2317 ], [ 1550358.186599999899045, 644039.4937 ], [ 1551337.7589, 643277.410599999944679 ], [ 1550954.0773, 641545.42339999997057 ], [ 1552914.6998, 639970.37230000004638 ], [ 1555991.6028, 639411.975699999951757 ], [ 1555390.8751, 637939.249300000024959 ], [ 1556584.557500000111759, 635940.867100000032224 ], [ 1552909.120399999897927, 635554.746799999964423 ], [ 1551891.8579, 636089.363499999977648 ], [ 1552011.7933, 632890.039299999945797 ], [ 1547759.2777, 632306.948199999984354 ], [ 1547851.1623, 628536.82550000003539 ], [ 1549412.1669, 628353.926100000040606 ], [ 1546692.0329, 626430.405799999949522 ], [ 1547099.7287, 624752.483800000045449 ], [ 1546398.3043, 621620.79280000005383 ], [ 1549915.305299999890849, 621222.943899999954738 ], [ 1549949.1184, 618699.432799999951385 ], [ 1550976.26, 617547.790099999983795 ], [ 1549686.2323, 616783.868299999972805 ], [ 1549502.819700000109151, 613916.192799999960698 ], [ 1550994.879600000102073, 609315.668399999965914 ], [ 1552902.7673, 607189.125299999956042 ], [ 1551490.0959, 604277.2106 ], [ 1552337.331, 602923.374300000024959 ], [ 1550590.8295, 601234.359500000020489 ], [ 1550640.7503, 599760.227900000056252 ], [ 1549621.8815, 598716.270099999965169 ], [ 1550110.356699999887496, 594404.604700000025332 ], [ 1546938.9638, 594536.803500000038184 ], [ 1544393.0747, 593226.728499999968335 ], [ 1544253.5261, 591894.095800000010058 ], [ 1546247.846700000111014, 591261.612300000037067 ], [ 1546275.6435, 589457.1287 ], [ 1542895.813400000100955, 589397.646599999978207 ], [ 1547034.708000000100583, 585340.471800000057556 ], [ 1548083.2984, 581361.6812 ], [ 1547414.956, 580960.014399999985471 ], [ 1545764.9281, 582334.1583999999566 ], [ 1543508.9624, 580993.005 ], [ 1542900.1482, 576389.805799999972805 ], [ 1543751.903299999888986, 573371.0148 ], [ 1541095.1778, 573089.871000000042841 ], [ 1539862.749800000106916, 571674.5823 ], [ 1539027.7396, 572256.373299999977462 ], [ 1538855.0922, 570275.710199999972247 ], [ 1536664.882200000109151, 570594.3787 ], [ 1536002.590799999888986, 568912.4497 ], [ 1534204.4347, 570252.3687 ], [ 1531101.1663, 569892.760800000047311 ], [ 1526703.705800000112504, 561171.428300000028685 ], [ 1524278.5827, 561690.484399999957532 ], [ 1523159.2959, 564894.260200000018813 ], [ 1519292.5816, 565785.335300000035204 ], [ 1520115.2647, 559549.19019999995362 ], [ 1519379.9901, 556349.646399999968708 ], [ 1518741.4727, 556870.79680000001099 ], [ 1517997.2006, 555834.40659999998752 ], [ 1515016.4321, 555770.328300000051968 ], [ 1513066.0909, 556697.1383 ], [ 1511961.5875, 554280.89159999997355 ], [ 1509899.9405, 553214.0821 ], [ 1510532.9487, 548308.924099999945611 ], [ 1509333.2012, 547306.906300000031479 ], [ 1507329.4639, 547968.490800000028685 ], [ 1506348.4486, 547357.2034 ], [ 1504033.7392, 549559.390499999979511 ], [ 1501658.1065, 549941.934 ], [ 1501249.457, 548697.217599999974482 ], [ 1501999.3216, 546787.435300000011921 ], [ 1499854.5925, 544062.881799999973737 ], [ 1500272.329, 539708.9998 ], [ 1498379.8967, 539523.9438 ], [ 1498146.7456, 537781.971800000057556 ], [ 1496151.4036, 537410.5982 ], [ 1496595.5197, 536407.606600000057369 ], [ 1495082.2668, 531683.047299999976531 ], [ 1495502.6501, 531100.273799999966286 ], [ 1494112.2836, 529776.607399999978952 ], [ 1492696.9156, 525996.983 ], [ 1492920.5789, 523649.453900000022259 ], [ 1491233.9619, 521080.896200000017416 ], [ 1492240.6568, 517940.828099999984261 ], [ 1491613.4696, 515416.181700000015553 ], [ 1490553.8573, 514857.669600000022911 ], [ 1490584.0965, 510469.0196 ], [ 1488755.7722, 508325.387500000011642 ], [ 1490427.7745, 507776.2683 ], [ 1489401.1909, 504439.3899 ], [ 1491217.7791, 503864.152400000020862 ], [ 1493120.7485, 504494.277599999972153 ], [ 1493328.0783, 502254.317700000014156 ], [ 1495946.773, 500950.20150000002468 ], [ 1495813.4352, 499845.759000000020023 ], [ 1492834.4978, 497081.2059 ], [ 1491867.0372, 493005.136500000022352 ], [ 1494098.0767, 490918.216000000014901 ], [ 1496737.283, 490660.9928 ], [ 1496524.5112, 489075.457799999974668 ], [ 1493843.402900000102818, 487898.5895 ], [ 1493797.087, 486783.144900000013877 ], [ 1491760.499800000106916, 484556.707600000023376 ], [ 1491323.6809, 482277.679599999974016 ], [ 1489880.2167, 481169.390200000023469 ], [ 1491074.199, 478901.698299999989104 ], [ 1490974.6133, 477215.809400000027381 ], [ 1490115.4875, 477329.505 ], [ 1489227.482, 474929.652899999986403 ], [ 1490429.1156, 474299.832700000028126 ], [ 1489262.1807, 474188.978500000026543 ], [ 1489446.808600000105798, 472247.5932 ], [ 1492315.0773, 472520.701 ], [ 1493724.1382, 466194.8138 ], [ 1365963.8528, 455592.338500000012573 ], [ 1366377.0057, 460111.4376 ], [ 1370273.8732, 459369.5477 ], [ 1371857.3595, 461093.695200000016484 ], [ 1375769.8699, 461852.15590000001248 ], [ 1374719.25, 461774.062800000014249 ], [ 1374591.8747, 463331.8432 ], [ 1373864.6615, 463277.4609 ], [ 1373355.7874, 464712.9374 ], [ 1369054.8958, 465689.836300000024494 ], [ 1367696.7941, 467180.733599999977741 ], [ 1370336.3788, 467985.630599999974947 ], [ 1370897.4875, 468977.2958000000217 ], [ 1372777.0687, 468568.005899999989197 ], [ 1374892.294, 469527.973400000017136 ], [ 1375516.226899999892339, 471165.674500000022817 ], [ 1372162.2066, 475051.754599999985658 ], [ 1373210.183600000105798, 475985.330399999977089 ], [ 1371995.2875, 477237.4806 ], [ 1372230.1955, 479469.099999999976717 ], [ 1374167.9121, 479066.40759999997681 ], [ 1375360.5454, 480739.1922 ], [ 1375125.6505, 483576.1007 ], [ 1375795.0382999998983, 484417.2719 ], [ 1377072.1684, 484218.628199999977369 ], [ 1376727.9565, 487893.923100000014529 ], [ 1377490.1738, 488736.92180000001099 ], [ 1373930.8769, 489129.03249999997206 ], [ 1371202.3803, 490559.37400000001071 ], [ 1369159.0474, 488663.411000000021886 ], [ 1368144.3723, 485912.897600000025705 ], [ 1366546.1551, 486661.272999999986496 ], [ 1365465.813799999887124, 485840.950499999977183 ], [ 1363831.6737, 486276.065200000011828 ], [ 1363699.3073, 490273.156000000017229 ], [ 1361755.7827, 489107.9339 ], [ 1360333.2315, 491850.825599999981932 ], [ 1359438.4307, 492266.094800000020768 ], [ 1357641.3473, 491500.8639 ], [ 1356185.523100000107661, 493547.2624 ], [ 1358651.106699999887496, 494966.522600000025705 ], [ 1358809.807500000111759, 495927.519299999985378 ], [ 1355576.4502, 496730.278400000010151 ], [ 1354552.6315, 497910.806900000025053 ], [ 1355893.180299999890849, 498957.304200000013225 ], [ 1355587.0049, 500609.465299999981653 ], [ 1356352.622, 502197.8763 ], [ 1355745.5447, 503721.77970000001369 ], [ 1356746.0653, 505844.837899999984074 ], [ 1356561.972800000105053, 506704.128900000010617 ], [ 1354269.0807, 507683.092599999974482 ], [ 1354003.0844, 511520.678000000014435 ], [ 1358602.8002, 514001.797000000020489 ], [ 1358252.9375, 515464.086000000010245 ], [ 1359145.1631, 516311.992399999988265 ], [ 1359173.6177, 518327.4217 ], [ 1354587.0404, 522405.065200000011828 ], [ 1352390.9798, 522568.93829999997979 ], [ 1351315.5937, 523982.29739999998128 ], [ 1349954.2778, 523209.959299999987707 ], [ 1348831.0583, 525250.04949999996461 ], [ 1348620.5225, 526623.789699999964796 ], [ 1352142.7493, 530119.0464 ], [ 1349169.778299999888986, 534213.701699999975972 ], [ 1346754.7762, 535222.812799999956042 ], [ 1346209.1405, 538604.521300000022165 ], [ 1344599.139600000111386, 540676.792200000025332 ], [ 1346572.121, 543825.0734 ], [ 1346706.1136, 545839.8136 ], [ 1350381.3884, 547868.755699999979697 ], [ 1350194.7077, 550562.291100000031292 ], [ 1345204.9216, 550216.623799999943003 ], [ 1343449.835600000107661, 553840.268700000015087 ], [ 1342664.5148, 552337.244599999976344 ], [ 1338937.096700000111014, 550770.6668 ], [ 1335690.1051, 553857.027200000011362 ], [ 1336223.4087, 555194.7365 ], [ 1338161.7244, 556114.373600000049919 ], [ 1338219.123700000112876, 560435.619799999985844 ], [ 1339369.9512, 561135.663900000043213 ], [ 1338743.288, 563790.316 ], [ 1337298.6185, 564932.57660000002943 ], [ 1337512.5299, 565935.755600000033155 ], [ 1334442.8065, 568912.752100000041537 ], [ 1335609.4074, 572230.707000000053085 ], [ 1334579.137399999890476, 572990.746399999945424 ], [ 1335363.4224, 576466.361599999945611 ], [ 1334225.378, 578621.692999999970198 ], [ 1333286.5511, 579248.1803 ], [ 1332341.1754, 578785.7291 ], [ 1329714.6345, 580641.878600000054576 ], [ 1326229.795300000114366, 580694.37679999996908 ], [ 1325955.4337, 573892.745400000014342 ], [ 1322934.9259, 574249.885800000047311 ], [ 1322566.8061, 571981.6139 ], [ 1321796.0777, 571437.57570000004489 ], [ 1318443.3583, 571224.085500000044703 ], [ 1320135.4122, 566461.1322 ], [ 1317056.5045, 566263.965399999986403 ], [ 1315018.9068, 568527.070900000049733 ], [ 1313678.6905, 568380.738400000031106 ], [ 1312124.8989, 570001.7659 ], [ 1310258.4237, 570493.494199999957345 ], [ 1310804.3184, 571425.371799999964423 ], [ 1310218.8886, 572304.15769999998156 ], [ 1307445.7917, 571471.929200000013225 ], [ 1306245.7409, 572803.740600000019185 ], [ 1300782.5609, 572872.489500000025146 ], [ 1296746.4772, 570939.479399999952875 ], [ 1296195.1136, 567607.5882 ], [ 1292602.939, 568271.14359999995213 ], [ 1291843.536799999885261, 570133.742899999953806 ], [ 1289647.8675, 570784.915999999968335 ], [ 1289185.7682, 572165.870499999960884 ], [ 1287312.4963, 570791.920099999988452 ], [ 1285887.0354, 571606.945199999958277 ], [ 1284312.2267, 571327.734799999976531 ], [ 1280728.5055, 575638.494599999976344 ], [ 1278645.3791, 575282.065500000026077 ], [ 1277587.4512, 573325.15769999998156 ], [ 1274700.655500000109896, 574034.09699999995064 ], [ 1270881.8252, 573229.4279 ], [ 1269476.1232, 575118.346299999975599 ], [ 1267471.7785, 574449.0834 ], [ 1262772.3713, 581258.556499999947846 ], [ 1263916.1872, 582994.614500000025146 ], [ 1265592.5753, 583563.301100000040606 ], [ 1265794.5561, 585701.120400000014342 ], [ 1259586.2615, 586357.748600000049919 ], [ 1260351.1761, 588443.1923 ], [ 1258385.9932, 589590.15659999998752 ], [ 1259552.0974, 592370.496799999964423 ], [ 1258306.2151, 595633.538500000024214 ], [ 1257201.0509, 595753.48230000003241 ], [ 1255845.492400000104681, 597303.112700000056066 ], [ 1253148.9446, 596837.1224 ], [ 1252884.7519, 598028.834599999943748 ], [ 1249042.0361, 601428.567400000058115 ], [ 1248697.0302, 602610.4388 ], [ 1246801.884, 602721.235600000014529 ], [ 1246944.1882, 606183.356000000028871 ], [ 1249134.691399999894202, 606705.714000000036322 ], [ 1248254.5748, 609313.811899999971502 ], [ 1250122.8196, 609249.399300000048243 ], [ 1252620.0793, 607816.4388 ], [ 1255062.1299, 604471.859500000020489 ], [ 1255670.280500000109896, 605960.775999999954365 ], [ 1261001.3396, 607012.197399999946356 ], [ 1262543.6199, 608295.441899999976158 ], [ 1262133.1513, 612219.89000000001397 ], [ 1263565.7929, 613560.613600000040606 ], [ 1259690.1102, 618365.696299999952316 ], [ 1258168.1685, 618525.9447 ], [ 1252923.1578, 622017.527400000020862 ], [ 1250807.6103, 622028.187799999956042 ], [ 1250776.5679, 622678.120499999960884 ], [ 1249871.2778, 621100.504700000048615 ], [ 1249232.226899999892339, 623004.5333999999566 ], [ 1248580.3668, 622926.989300000015646 ], [ 1246401.5925, 625713.827200000057928 ], [ 1244873.8168, 624068.859900000039488 ], [ 1240132.4141, 625748.534800000023097 ], [ 1239064.9662, 626657.884199999971315 ], [ 1240216.0933, 629064.293500000028871 ], [ 1239583.383300000103191, 630150.859199999948032 ], [ 1238152.4972, 630573.817200000048615 ], [ 1238292.476500000106171, 632523.690700000035577 ], [ 1235433.6421, 631776.590199999976903 ], [ 1234715.8072, 630800.107700000051409 ], [ 1232752.9722, 630651.37769999995362 ], [ 1231975.5768, 631926.349599999957718 ], [ 1229756.392, 631539.8528 ], [ 1228454.7915, 632523.56449999997858 ], [ 1226190.5935, 630615.603899999987334 ], [ 1223818.7207, 630838.412099999957718 ], [ 1221795.411, 627379.70050000003539 ], [ 1219263.5846, 626820.263599999947473 ], [ 1219058.7344, 625800.573899999959394 ], [ 1216503.171799999894574, 624644.029499999945983 ], [ 1215986.5389, 623590.093699999968521 ], [ 1216546.6525, 619729.379599999985658 ], [ 1215755.4797, 619555.536399999982677 ], [ 1214404.2086, 621898.8112 ], [ 1212316.267199999885634, 622407.410299999988638 ], [ 1212014.181399999884889, 625213.087399999960326 ], [ 1210527.0457, 624651.064200000022538 ], [ 1209307.5916, 625186.528199999942444 ], [ 1209909.4318, 623806.290200000046752 ], [ 1208599.8569, 622312.002300000051036 ], [ 1205310.9088, 624434.089000000036322 ], [ 1204328.1648, 626858.545399999944493 ], [ 1202678.3954, 626534.991599999950267 ], [ 1200963.1316, 628290.4743 ], [ 1199620.2811, 627392.559400000027381 ], [ 1199494.8145, 630193.842399999964982 ], [ 1197451.882200000109151, 632894.404199999989942 ], [ 1197720.2854, 633724.638599999947473 ], [ 1196159.3254, 636457.82460000005085 ], [ 1192786.2545, 638787.402800000039861 ], [ 1189031.3525, 638006.544400000013411 ], [ 1187546.6203, 640744.377300000051036 ], [ 1185925.1108, 641202.39249999995809 ], [ 1185356.0419, 645800.1751 ], [ 1183779.2907, 645470.0993 ], [ 1182663.6706, 643171.268900000024587 ], [ 1182018.638, 644473.66870000003837 ], [ 1178918.971700000111014, 645904.5662 ], [ 1177505.0186, 645200.6226 ], [ 1176447.6915, 642749.99710000003688 ], [ 1174278.800499999895692, 644981.361000000033528 ], [ 1172383.821, 645015.2857 ], [ 1168886.1212, 642810.80960000003688 ], [ 1167442.5047, 644472.623400000040419 ], [ 1165481.2041, 644437.1714 ], [ 1165119.748700000112876, 645233.360299999942072 ], [ 1162753.0825, 645341.03269999998156 ], [ 1162004.901, 644276.317799999960698 ], [ 1160624.0402, 644705.135 ], [ 1159628.2225, 648372.189600000041537 ], [ 1160482.746499999891967, 650727.274800000013784 ], [ 1161635.3938, 650943.602599999983795 ], [ 1162742.6275, 654314.58109999995213 ] ] ] } },
{ "type": "Feature", "properties": { "id": "WHSE_ADMIN_BOUNDARIES.ADM_NR_REGIONS_SPG.Cariboo Natural Resource Region", "REGION_NAME": "Cariboo Natural Resource Region", "ORG_UNIT": "RCB", "ORG_UNIT_NAME": "Cariboo Natural Resource Region", "FEATURE_CODE": "FM90000010", "FEATURE_NAME": "Natural Resource Region", "OBJECTID": 3640, "SE_ANNO_CAD_DATA": null, "FEATURE_AREA_SQM": 82529153547.671295, "FEATURE_LENGTH_M": 2056653.2068 }, "geometry": { "type": "Polygon", "coordinates": [ [ [ 1206037.627835845807567, 927414.038497404311784 ], [ 1202022.2504, 927547.26969999994617 ], [ 1201828.0683, 931979.921699999948032 ], [ 1202990.8209, 932028.995800000033341 ], [ 1202818.1611, 936860.046300000045449 ], [ 1204421.766, 936927.631000000052154 ], [ 1204376.0518, 938542.126200000056997 ], [ 1205979.9646, 938610.145200000028126 ], [ 1205911.5824, 940222.067700000014156 ], [ 1214567.7163, 940608.3885 ], [ 1214788.8605, 935866.670399999944493 ], [ 1217312.4613, 935414.539800000027753 ], [ 1218207.3631, 936330.886500000022352 ], [ 1219595.9722, 936168.934499999973923 ], [ 1220099.3153, 925250.145499999984168 ], [ 1217841.6228, 925144.831499999971129 ], [ 1218218.7862, 917058.883400000049733 ], [ 1222301.6586, 917249.357700000051409 ], [ 1222419.2956, 914844.701299999956973 ], [ 1223222.0938, 914459.652299999957904 ], [ 1224036.9747, 914498.038399999961257 ], [ 1223951.138499999884516, 916526.611900000018068 ], [ 1227131.5864, 916694.51859999995213 ], [ 1227210.1843, 915079.175200000056066 ], [ 1230415.3388, 915223.474900000030175 ], [ 1230579.9648, 911987.276300000026822 ], [ 1227413.5216, 911021.573500000056811 ], [ 1227493.9052, 909410.2354 ], [ 1225890.5692, 909330.2210999999661 ], [ 1225950.8529, 908121.721800000057556 ], [ 1223946.6735, 908021.706600000034086 ], [ 1226278.2984, 906776.305399999953806 ], [ 1228761.1145, 910400.940500000026077 ], [ 1232220.9195, 911694.112399999983609 ], [ 1233352.818600000115111, 913261.896599999978207 ], [ 1234220.178, 911279.089200000045821 ], [ 1236321.703200000105426, 911113.337999999988824 ], [ 1236375.4592, 910412.973099999944679 ], [ 1236959.2837, 911527.864700000034645 ], [ 1238911.031999999890104, 912182.879300000029616 ], [ 1241459.4478, 911059.51659999997355 ], [ 1241289.8025, 914554.559699999983422 ], [ 1243341.785699999891222, 914038.102700000046752 ], [ 1241647.121499999891967, 915812.2977 ], [ 1245843.0859, 913345.473400000017136 ], [ 1246371.187300000106916, 914736.051800000015646 ], [ 1247290.5876, 914489.013599999947473 ], [ 1248577.9877, 915545.45519999996759 ], [ 1249673.808999999891967, 918192.797200000029989 ], [ 1252625.7689, 918014.0002 ], [ 1257113.9785, 920739.158199999947101 ], [ 1258931.933999999891967, 920897.670399999944493 ], [ 1259892.9586, 922275.526100000017323 ], [ 1259506.5291, 923094.267600000021048 ], [ 1260614.2814, 926654.591000000014901 ], [ 1260094.5814, 927671.4573 ], [ 1260874.544, 927869.467700000037439 ], [ 1260811.9607, 929004.2731 ], [ 1263046.207, 929194.062200000043958 ], [ 1261725.517199999885634, 930672.053500000038184 ], [ 1261046.9257, 938246.70070000004489 ], [ 1261370.2545, 941497.878200000035577 ], [ 1262973.231699999887496, 941586.2892 ], [ 1262884.3473, 943197.56629999994766 ], [ 1268139.7081, 942687.499599999981001 ], [ 1268786.0195, 941908.152299999957904 ], [ 1270002.448799999896437, 938093.735699999961071 ], [ 1269569.0226, 934523.181600000010803 ], [ 1270132.3494, 933537.272400000016205 ], [ 1268979.8591, 932341.996000000042841 ], [ 1269488.6991, 928768.007499999948777 ], [ 1272477.5519, 929447.712500000023283 ], [ 1273781.545300000114366, 934170.029699999955483 ], [ 1275232.4289, 935533.56050000002142 ], [ 1278860.5847, 934199.00179999996908 ], [ 1279863.7637, 932703.642600000021048 ], [ 1278123.5754, 930348.487700000056066 ], [ 1280238.8882, 927170.89179999998305 ], [ 1281653.0425, 926515.287200000020675 ], [ 1283522.7733, 931122.69039999996312 ], [ 1285286.9694, 931344.179699999978766 ], [ 1287153.6095, 933026.48230000003241 ], [ 1289826.8666, 932094.120099999941885 ], [ 1291112.7071, 933463.527200000011362 ], [ 1305192.159599999897182, 934218.411500000045635 ], [ 1304640.656, 935496.2931 ], [ 1318368.5101, 936770.673700000043027 ], [ 1319150.465, 936302.061699999962002 ], [ 1321442.2715, 937841.748799999943003 ], [ 1322346.289399999892339, 939502.893700000015087 ], [ 1323964.2664, 939765.577000000048429 ], [ 1324110.6023, 943582.7805 ], [ 1325898.7575, 942724.314000000013039 ], [ 1328333.976500000106171, 943780.257300000055693 ], [ 1328107.579699999885634, 945245.0416 ], [ 1329786.348199999891222, 947411.022899999981746 ], [ 1330504.3299, 947363.230499999946915 ], [ 1331329.3564, 945115.924400000018068 ], [ 1330743.375199999893084, 943428.848800000036135 ], [ 1331860.5435, 940658.152600000030361 ], [ 1331039.8999, 936290.519500000053085 ], [ 1333611.8173, 933846.499599999981001 ], [ 1333831.1933, 930800.906500000040978 ], [ 1335967.0419, 931198.853600000031292 ], [ 1340431.2515, 925565.9107 ], [ 1342465.0123, 925386.517800000030547 ], [ 1344325.0495, 921084.14249999995809 ], [ 1346229.313400000100955, 921200.350800000014715 ], [ 1349949.2765, 919399.872800000011921 ], [ 1349455.0876, 917954.820100000011735 ], [ 1347244.688, 916106.495400000014342 ], [ 1349969.6971, 912502.579000000027008 ], [ 1353118.3484, 910499.349599999957718 ], [ 1352861.3104, 909508.990800000028685 ], [ 1351513.0003, 908851.3003 ], [ 1353355.2577, 905983.769199999980628 ], [ 1353029.443, 904525.8824 ], [ 1353740.8182, 902890.484500000020489 ], [ 1358552.3335, 900760.12230000004638 ], [ 1363304.1659, 902707.558199999970384 ], [ 1364456.790499999886379, 902484.498999999952503 ], [ 1365360.672899999888614, 901028.456 ], [ 1367545.7072, 900545.020999999949709 ], [ 1368722.1057, 901506.999399999971502 ], [ 1371712.666600000113249, 901841.841999999945983 ], [ 1373635.8, 897986.3345 ], [ 1376586.7863, 898907.067799999960698 ], [ 1379737.108900000108406, 894853.809200000017881 ], [ 1382145.7962, 894601.9545 ], [ 1384363.2748, 895456.936499999952503 ], [ 1386630.0844, 894665.961400000029244 ], [ 1388318.7718, 896512.981600000057369 ], [ 1389485.5341, 895495.618499999982305 ], [ 1390982.0092, 895969.958899999968708 ], [ 1390850.6318, 893952.244599999976344 ], [ 1393203.2012, 890457.6163 ], [ 1391146.6415, 888228.682099999976344 ], [ 1388334.4604, 890179.018399999942631 ], [ 1385382.9883, 887189.406700000050478 ], [ 1384039.408, 888520.427299999981187 ], [ 1382072.768, 887682.8175 ], [ 1380532.6477, 884676.307299999985844 ], [ 1381688.4347, 883090.452700000023469 ], [ 1382863.823400000110269, 882829.651900000055321 ], [ 1381753.7488, 879981.1507 ], [ 1380218.09, 879190.036399999982677 ], [ 1380633.1534, 878550.681499999947846 ], [ 1383418.1353, 878576.998400000040419 ], [ 1383896.8786, 876394.078899999964051 ], [ 1385320.1077, 875626.404699999955483 ], [ 1383960.6674, 872885.9939 ], [ 1386049.608900000108406, 871750.297799999942072 ], [ 1384703.3793, 870648.139199999975972 ], [ 1386721.1032, 868280.866599999950267 ], [ 1385141.2579, 864977.853499999968335 ], [ 1388731.3814, 863557.951699999975972 ], [ 1389102.9842, 861814.388099999981932 ], [ 1385817.5873, 860308.741700000013225 ], [ 1386095.9125, 857823.19960000005085 ], [ 1384817.7008, 857981.9865 ], [ 1384326.3066, 855720.8737 ], [ 1383287.9607, 855275.0305 ], [ 1381162.1997, 850461.981099999975413 ], [ 1379337.5829, 851175.083100000047125 ], [ 1376343.2379, 849506.329400000046007 ], [ 1375431.5923, 847448.4068 ], [ 1371380.460600000107661, 846414.509700000053272 ], [ 1369567.3977, 843370.329200000036508 ], [ 1370029.8936, 842076.076499999966472 ], [ 1371627.0444, 841798.605699999956414 ], [ 1375936.662900000112131, 838252.235800000024028 ], [ 1374796.8472, 835984.167000000015832 ], [ 1372399.6113, 834701.6827 ], [ 1371346.4713, 830325.073100000037812 ], [ 1372530.5657, 829392.994300000020303 ], [ 1371261.3339, 828231.0087 ], [ 1371895.5518, 827425.750499999965541 ], [ 1373274.2507, 827720.788199999951757 ], [ 1376311.4533, 825380.007800000021234 ], [ 1374449.6956, 822862.500600000028498 ], [ 1376408.5241, 819845.538399999961257 ], [ 1378508.9978, 818239.971600000048056 ], [ 1379635.857, 815314.723 ], [ 1381322.2982, 815148.7243 ], [ 1382160.616699999896809, 814039.505699999979697 ], [ 1381723.9215, 813171.179600000032224 ], [ 1382870.1188, 811342.123799999943003 ], [ 1381807.124800000106916, 810515.991900000022724 ], [ 1382324.9985, 809906.04570000001695 ], [ 1381631.612, 807771.453300000051968 ], [ 1383497.9715, 806799.9497 ], [ 1386515.9199, 810247.802600000053644 ], [ 1387814.6717, 809823.918199999956414 ], [ 1388470.600400000112131, 807335.553599999984726 ], [ 1388046.6505, 805276.398200000054203 ], [ 1390209.6352, 801436.661700000055134 ], [ 1389198.7552, 800597.167499999981374 ], [ 1388219.216, 797278.919299999950454 ], [ 1389062.8148, 794731.3654 ], [ 1390628.5022, 793786.253999999957159 ], [ 1392540.927, 794468.649899999960326 ], [ 1395456.6208, 791911.411300000036135 ], [ 1391783.5385, 791384.133799999952316 ], [ 1392074.6657, 789963.921199999982491 ], [ 1391143.3805, 788937.047299999976531 ], [ 1388803.8015, 788884.939699999988079 ], [ 1385377.4879, 786459.7548 ], [ 1385902.0747, 785932.353299999958836 ], [ 1384810.9745, 784740.207000000053085 ], [ 1381746.2893, 783186.695199999958277 ], [ 1380683.4467, 783180.832000000053085 ], [ 1380060.8805, 784377.300200000056066 ], [ 1373268.1978, 781477.618299999972805 ], [ 1373500.317499999888241, 778440.008200000040233 ], [ 1372019.999800000106916, 776118.999199999962002 ], [ 1370014.72, 777117.033199999947101 ], [ 1370290.996100000105798, 776641.127300000051036 ], [ 1369829.1003, 777078.800799999968149 ], [ 1368889.976899999892339, 776123.604399999952875 ], [ 1369441.6242, 775356.528500000014901 ], [ 1372632.2351, 775602.517 ], [ 1373539.6702, 777927.566499999957159 ], [ 1373611.1395, 776996.6496 ], [ 1375565.0323, 777148.6629 ], [ 1375430.8277, 774772.066400000010617 ], [ 1376108.5885, 773862.152800000039861 ], [ 1377609.1235, 773486.551699999952689 ], [ 1379264.3622, 774461.6539000000339 ], [ 1380427.4543, 773816.333300000056624 ], [ 1377552.9627, 767635.917999999946915 ], [ 1374350.0324, 767386.673500000033528 ], [ 1375360.617799999890849, 754499.883200000040233 ], [ 1378567.0417, 754704.911899999948218 ], [ 1380587.7807, 753489.177400000044145 ], [ 1381010.1789, 753061.3519 ], [ 1380356.3073, 752403.359399999957532 ], [ 1381506.2893, 750210.499300000024959 ], [ 1384717.5973, 748051.074799999943934 ], [ 1386078.4615, 748569.007699999958277 ], [ 1387564.909200000111014, 746859.452399999951012 ], [ 1387067.0787, 746038.818699999945238 ], [ 1385029.2893, 745833.320100000011735 ], [ 1385334.7548, 744513.914699999964796 ], [ 1384063.624800000106916, 743732.870299999951385 ], [ 1384391.5642, 743202.775600000051782 ], [ 1381352.0199, 741727.347199999960139 ], [ 1381797.3485, 736008.1539000000339 ], [ 1382793.7386, 736148.0026 ], [ 1383253.7148, 735250.7487 ], [ 1384931.677, 735643.492699999944307 ], [ 1386530.1221, 734535.403399999951944 ], [ 1386609.7833, 733512.456400000024587 ], [ 1384272.2219, 733330.449200000031851 ], [ 1384384.7937, 731884.667299999971874 ], [ 1381774.2396, 732921.885499999974854 ], [ 1380291.8246, 730293.188300000037998 ], [ 1378743.8995, 732093.45319999998901 ], [ 1377075.9756, 732168.773200000054203 ], [ 1377796.9122, 722887.817799999960698 ], [ 1379037.8109, 723601.667200000025332 ], [ 1380469.882200000109151, 723174.804899999988265 ], [ 1377885.2156, 722733.579799999948591 ], [ 1378804.0022, 709881.251000000047497 ], [ 1385437.486500000115484, 710252.695799999986775 ], [ 1387087.6893, 709756.376700000022538 ], [ 1387241.1079, 708604.46730000001844 ], [ 1378992.1515, 707417.822200000053272 ], [ 1379377.3683, 702377.516500000027008 ], [ 1378147.2888, 703580.571400000015274 ], [ 1376808.6635, 702939.946400000015274 ], [ 1377748.6641, 698141.321400000015274 ], [ 1377478.2686, 697082.089000000036322 ], [ 1376440.770500000100583, 697002.801699999952689 ], [ 1376550.1863, 695545.072200000053272 ], [ 1373925.0995, 695498.044400000013411 ], [ 1370009.9224, 693976.155299999983981 ], [ 1368823.8255, 695728.830300000030547 ], [ 1370029.1598, 697158.384700000053272 ], [ 1367772.3814, 697665.488499999977648 ], [ 1365708.9185, 694798.463600000017323 ], [ 1362032.3681, 696197.009100000024773 ], [ 1360952.4645, 695024.1751 ], [ 1358270.9286, 695003.1396 ], [ 1357485.5455, 692881.290999999968335 ], [ 1357922.971700000111014, 685992.964799999957904 ], [ 1356987.4897, 685500.507499999948777 ], [ 1353578.781, 688386.810199999948964 ], [ 1352774.304900000104681, 686076.016700000036508 ], [ 1353752.2345, 684398.222199999960139 ], [ 1352845.4832, 681391.817400000058115 ], [ 1354058.8294, 679154.3785 ], [ 1354887.7173, 679213.613299999968149 ], [ 1354996.2896, 677811.658999999985099 ], [ 1343201.027900000102818, 676961.568300000042655 ], [ 1344759.1353, 674907.377499999944121 ], [ 1343035.996, 672258.5588 ], [ 1341494.5025, 673160.718499999959022 ], [ 1340587.9209, 672551.1385 ], [ 1339533.8644, 673246.9876 ], [ 1335240.1328, 673245.084599999943748 ], [ 1335788.7788, 676245.418199999956414 ], [ 1332711.3993, 676245.896500000031665 ], [ 1332506.258300000103191, 679329.333800000022165 ], [ 1327695.3363, 678879.1873 ], [ 1325444.9, 682615.637699999962933 ], [ 1324813.7389, 681497.629500000039116 ], [ 1319709.970599999884143, 679900.107599999988452 ], [ 1318341.132200000109151, 676180.1971 ], [ 1318801.5804, 675303.474900000030175 ], [ 1306349.660300000105053, 674516.767600000021048 ], [ 1306929.2555, 672079.033500000019558 ], [ 1306292.168099999893457, 671607.772600000025705 ], [ 1306080.7037, 672342.767 ], [ 1303605.0994, 671234.744700000039302 ], [ 1299276.8195, 672395.56070000003092 ], [ 1299421.9542, 670824.913599999970756 ], [ 1297525.501299999887124, 670478.614599999971688 ], [ 1292850.3365, 671433.943199999979697 ], [ 1292161.696, 668894.135200000018813 ], [ 1289990.116, 668473.6496 ], [ 1286568.7565, 671765.134300000034273 ], [ 1286656.9332, 673875.771199999959208 ], [ 1283743.9988, 678371.3724 ], [ 1282558.3982, 682729.906500000040978 ], [ 1276315.1954, 686488.701899999985471 ], [ 1276751.4143, 688603.521799999987707 ], [ 1275491.5653, 690484.2489 ], [ 1273873.1775, 691772.2243 ], [ 1271026.618899999884889, 692247.729199999943376 ], [ 1268898.9507, 694056.336400000029244 ], [ 1268486.8969, 697182.604599999962375 ], [ 1267397.750900000100955, 697488.868000000016764 ], [ 1265879.4427, 700575.907299999962561 ], [ 1266147.2706, 702143.359199999948032 ], [ 1264876.1823, 703428.422099999967031 ], [ 1261613.7239, 700352.209900000016205 ], [ 1255625.7863, 702252.932599999941885 ], [ 1252383.3122, 699645.076499999966472 ], [ 1250826.9702, 699463.108299999963492 ], [ 1248994.8142, 697409.059299999964423 ], [ 1249265.555299999890849, 695893.721800000057556 ], [ 1248568.218399999896064, 695125.861400000052527 ], [ 1243747.6946, 692933.398399999947287 ], [ 1242094.1048, 694374.7195 ], [ 1240791.350400000112131, 693687.582500000018626 ], [ 1239845.949899999890476, 690670.777699999976903 ], [ 1237781.946199999889359, 690018.0749 ], [ 1237341.3491, 687067.315599999972619 ], [ 1237951.4243, 686053.172400000039488 ], [ 1236704.1244, 684810.648799999966286 ], [ 1237770.1539, 683131.821800000034273 ], [ 1239193.801200000103563, 683121.312900000018999 ], [ 1239257.8089, 681620.362500000046566 ], [ 1237355.5968, 681266.640400000032969 ], [ 1236778.269, 679535.8957 ], [ 1232614.2503, 681069.728800000040792 ], [ 1230417.6515, 683706.932099999976344 ], [ 1230998.3216, 684374.227700000046752 ], [ 1228969.1734, 685593.559299999964423 ], [ 1228337.5639, 687580.2548 ], [ 1226786.2457, 687333.267400000011548 ], [ 1225963.856300000101328, 686157.010800000047311 ], [ 1221939.7995, 686077.189800000051036 ], [ 1221233.925100000109524, 687107.838499999954365 ], [ 1219128.9183, 688209.396500000031665 ], [ 1218037.3585, 687914.083800000022165 ], [ 1217407.2527, 688998.445799999986775 ], [ 1213160.5988, 691150.0747 ], [ 1207060.6198, 691612.209799999953248 ], [ 1204665.3717, 692747.841499999980442 ], [ 1204508.5637, 689981.212300000013784 ], [ 1205901.2426, 689424.674699999974109 ], [ 1205530.0766, 687563.3162 ], [ 1206675.2164, 686524.130400000023656 ], [ 1205505.3247, 684866.5564 ], [ 1204381.659200000111014, 684855.705500000040047 ], [ 1204763.9985, 683880.784800000023097 ], [ 1202152.9779, 684818.780400000046939 ], [ 1199967.41510000010021, 684164.852500000037253 ], [ 1198915.4161, 682129.417299999971874 ], [ 1199026.3203, 679886.6139 ], [ 1197307.294199999887496, 676972.981600000057369 ], [ 1195501.0681, 676994.811299999943003 ], [ 1192552.527199999894947, 673643.065900000045076 ], [ 1192113.16510000010021, 671724.31429999996908 ], [ 1193230.3283, 668885.740600000019185 ], [ 1189772.6418, 668235.774800000013784 ], [ 1188231.0632, 666440.29570000001695 ], [ 1187483.9863, 667891.195799999986775 ], [ 1184866.822300000116229, 667453.9423 ], [ 1183195.0606, 669715.837399999960326 ], [ 1183219.6786, 668033.274699999950826 ], [ 1181506.6287, 665225.662499999976717 ], [ 1180776.0023, 666596.7537 ], [ 1178930.2237, 667340.8225 ], [ 1178241.5773, 664289.814400000032037 ], [ 1175102.616300000110641, 663985.25 ], [ 1174469.5778, 661368.570599999977276 ], [ 1172992.582299999892712, 660313.122500000055879 ], [ 1169621.526800000108778, 660199.948199999984354 ], [ 1167645.1442, 656084.461499999975786 ], [ 1164201.7918, 656727.086699999985285 ], [ 1163591.0872, 653976.416100000031292 ], [ 1161754.3767, 654432.408500000019558 ], [ 1160887.7628, 656252.086800000048243 ], [ 1159331.455, 654651.3445 ], [ 1157003.5372, 654752.04480000003241 ], [ 1157073.2314, 657001.910400000051595 ], [ 1155278.0537, 657771.0960999999661 ], [ 1153746.9593, 657654.957700000028126 ], [ 1152384.785300000105053, 656385.256599999964237 ], [ 1151573.4204, 660089.4974 ], [ 1150420.3415, 659578.000099999946542 ], [ 1148954.7508, 661619.348299999954179 ], [ 1147491.1043, 660432.484799999976531 ], [ 1146272.1171, 660985.8578 ], [ 1145575.568, 659885.182799999951385 ], [ 1144150.2041, 659973.802400000044145 ], [ 1142219.4545, 662357.3123 ], [ 1140759.5048, 662851.536300000036135 ], [ 1138507.7528, 659963.095500000054017 ], [ 1137337.7628, 661098.205100000021048 ], [ 1136602.974, 659876.397400000016205 ], [ 1135585.4017, 659909.004700000048615 ], [ 1136111.1834, 664168.615699999965727 ], [ 1135255.0462, 665160.884500000043772 ], [ 1133902.732, 664875.81449999997858 ], [ 1134520.0366, 667217.8408 ], [ 1134045.3472, 668198.695799999986775 ], [ 1132625.5333, 667982.185399999958463 ], [ 1129205.816399999894202, 670561.739399999962188 ], [ 1129037.6266, 671428.703899999964051 ], [ 1129902.3071, 671845.71730000001844 ], [ 1128279.5885, 672522.598099999944679 ], [ 1127536.1314, 673952.853200000012293 ], [ 1128150.4438, 674091.8197 ], [ 1127850.1181, 675752.055500000016764 ], [ 1129176.5865, 674836.953300000051968 ], [ 1128819.8934, 676550.4327 ], [ 1127628.9834, 676300.130800000042655 ], [ 1127969.5998, 681037.489199999952689 ], [ 1126543.1098, 681000.906500000040978 ], [ 1126068.5585, 682268.335500000044703 ], [ 1124782.147000000113621, 681934.68480000004638 ], [ 1122779.261299999896437, 683514.931499999947846 ], [ 1122463.3041, 682314.922000000020489 ], [ 1120625.4199, 682456.671100000035949 ], [ 1119453.6595, 681059.5721 ], [ 1117880.4535, 681016.95160000002943 ], [ 1116513.8449, 683120.985800000024028 ], [ 1113431.3812, 682574.3922 ], [ 1113430.7616, 687880.0916000000434 ], [ 1072863.2401, 692100.3948 ], [ 1059617.1298, 701194.066899999976158 ], [ 1058248.9443, 700731.8787 ], [ 1054924.6632, 701892.612700000056066 ], [ 1051083.9527, 707187.343499999959022 ], [ 1045807.8983, 709162.30039999994915 ], [ 1045680.2741, 711487.36179999995511 ], [ 1046678.0582, 713858.143999999971129 ], [ 1045962.7253, 714530.2034 ], [ 1046307.3543, 715699.213499999954365 ], [ 1047829.3455, 716310.530299999983981 ], [ 1045806.5615, 718150.397400000016205 ], [ 1045996.1912, 719032.571400000015274 ], [ 1049025.7538, 718200.500800000037998 ], [ 1049759.1159, 719490.928700000047684 ], [ 1049319.6129, 721592.880099999951199 ], [ 1052669.808600000105798, 722899.605499999946915 ], [ 1050578.5863, 726299.523900000029244 ], [ 1052135.6369, 727567.425700000021607 ], [ 1052138.8506, 728570.736599999945611 ], [ 1049490.6679, 728979.419600000022911 ], [ 1049429.2321, 731820.783799999975599 ], [ 1053606.9242, 735393.798199999961071 ], [ 1051566.8835, 738546.409300000057556 ], [ 1052828.9925, 740868.70050000003539 ], [ 1052587.1796, 742753.591800000052899 ], [ 1053765.2284, 743772.080100000021048 ], [ 1051055.9434, 745347.261399999959394 ], [ 1052683.7628, 748416.4989 ], [ 1051250.0972, 750559.7511 ], [ 1047562.8024, 751842.300200000056066 ], [ 1044642.8599, 751484.348 ], [ 1043461.6716, 753808.557599999941885 ], [ 1039914.4042, 756327.2646 ], [ 1040909.1221, 758418.053199999965727 ], [ 1036765.5205, 758759.274300000048243 ], [ 1036943.1538, 761304.422600000048988 ], [ 1034487.8378, 763952.777899999986403 ], [ 1035940.5159, 767241.8615 ], [ 1035464.5124, 767832.728699999977835 ], [ 1034055.5576, 767742.074299999978393 ], [ 1032367.2148, 769795.652400000020862 ], [ 1030725.1733, 767052.191600000020117 ], [ 1028915.7621, 767127.428199999965727 ], [ 1028041.5308, 770226.539499999955297 ], [ 1028838.7943, 772247.157800000044517 ], [ 1026292.8409, 774664.0823 ], [ 1026262.6377, 776242.12789999996312 ], [ 1027051.5066, 776782.310000000055879 ], [ 1026301.9214, 777451.728699999977835 ], [ 1024692.9886, 776852.7241 ], [ 1023416.6593, 778067.128000000026077 ], [ 1025553.7468, 781359.772400000016205 ], [ 1025492.1196, 782198.53159999998752 ], [ 1024109.5238, 782731.655200000037439 ], [ 1024637.2015, 783499.665200000046752 ], [ 1022808.2516, 784923.7378 ], [ 1023590.7711, 788419.928300000028685 ], [ 1022547.9223, 790087.30980000004638 ], [ 1024012.2166, 790887.518099999986589 ], [ 1024084.1846, 804457.440700000035577 ], [ 1025115.9498, 804237.309299999964423 ], [ 1027218.4545, 805789.816699999966659 ], [ 1026212.4129, 807643.82550000003539 ], [ 1027066.422, 809154.114300000015646 ], [ 1026007.2764, 811871.6999 ], [ 1023484.2413, 811777.428500000038184 ], [ 1023310.2623, 813180.310599999967963 ], [ 1022117.8266, 813684.169499999959953 ], [ 1022300.2985, 816825.0268 ], [ 1020802.4158, 817952.0048 ], [ 1021651.6764, 818136.906500000040978 ], [ 1021969.5378, 819718.279899999964982 ], [ 1019345.3519, 821661.335300000035204 ], [ 1018309.8022, 824285.0183 ], [ 1019539.2559, 826740.580700000049546 ], [ 1017757.9989, 829621.0098 ], [ 1018461.9183, 830079.554499999969266 ], [ 1018239.1816, 871475.103400000021793 ], [ 1015210.6083, 871458.032400000025518 ], [ 1015173.8096, 878714.273700000019744 ], [ 1023202.038, 878748.575399999972433 ], [ 1032786.991, 888496.156700000050478 ], [ 1074521.812300000106916, 889123.583600000012666 ], [ 1079778.5592, 893223.07750000001397 ], [ 1081155.21, 896447.444999999948777 ], [ 1082749.633300000103191, 896053.110699999961071 ], [ 1084338.1599, 897987.855699999956414 ], [ 1086701.017199999885634, 898438.894500000053085 ], [ 1088544.6841, 899981.023000000044703 ], [ 1095981.334500000113621, 901702.2744 ], [ 1098130.47, 901275.205500000040047 ], [ 1100504.158099999884143, 902158.357100000022911 ], [ 1102914.638499999884516, 901953.109700000029989 ], [ 1108340.3124, 903881.658500000019558 ], [ 1114809.2381, 908570.4401 ], [ 1117227.653299999888986, 908177.899699999950826 ], [ 1118404.936599999899045, 908988.510200000018813 ], [ 1123082.3628, 909404.187200000043958 ], [ 1126129.9542, 912708.956499999971129 ], [ 1125739.030500000109896, 919569.336499999975786 ], [ 1115305.5702, 919301.860600000014529 ], [ 1115182.4888, 924424.311100000049919 ], [ 1112143.3918, 925152.412299999967217 ], [ 1109476.5097, 928787.895299999974668 ], [ 1110402.340400000102818, 930799.498999999952503 ], [ 1113167.4739, 931471.400200000032783 ], [ 1113034.8714, 936981.477700000046752 ], [ 1117047.5832, 937077.839900000020862 ], [ 1116995.6883, 939237.639899999951012 ], [ 1118338.187300000106916, 939116.7661 ], [ 1117685.3217, 938093.3273 ], [ 1119140.8422, 937788.928599999984726 ], [ 1124201.5718, 938217.464099999982864 ], [ 1125481.821, 936834.5614 ], [ 1127497.2876, 937989.0172 ], [ 1130077.125199999893084, 937389.609799999976531 ], [ 1131218.6872, 938759.0198 ], [ 1132453.4962, 938921.09050000004936 ], [ 1132565.9254, 941264.471299999975599 ], [ 1134808.8294, 941242.06070000003092 ], [ 1134976.4297, 942094.739500000025146 ], [ 1136999.6594, 943161.913900000043213 ], [ 1140438.616300000110641, 942911.127499999944121 ], [ 1141989.1536, 941690.890800000051968 ], [ 1142326.6636, 942448.05039999994915 ], [ 1143727.9134, 941759.5575 ], [ 1145903.058, 942514.290000000037253 ], [ 1145470.4603, 941053.401300000026822 ], [ 1148686.937, 938696.114500000025146 ], [ 1149351.3117, 937138.505499999970198 ], [ 1151092.0801, 938184.342399999964982 ], [ 1153611.063, 937274.177099999971688 ], [ 1154648.7603, 938190.3504 ], [ 1157842.6162, 938289.517600000021048 ], [ 1157897.3448, 936481.629300000029616 ], [ 1160660.2129, 936898.608699999982491 ], [ 1166346.4441, 936129.902800000039861 ], [ 1166946.1076, 917788.8458999999566 ], [ 1170879.6972, 919677.0627 ], [ 1170978.5251, 921377.717799999983981 ], [ 1173206.7806, 922769.093 ], [ 1173568.4798, 922340.726400000043213 ], [ 1173470.4075, 923006.1274 ], [ 1177189.3388, 921671.032 ], [ 1178500.4783, 922289.751500000013039 ], [ 1178595.1042, 923192.1962 ], [ 1180107.1378, 922863.780600000056438 ], [ 1183272.6169, 925093.978 ], [ 1188256.1879, 925239.984399999957532 ], [ 1188372.6694, 924376.594599999953061 ], [ 1190006.9657, 923920.8663 ], [ 1192934.1917, 924795.845500000054017 ], [ 1194404.1959, 924163.508200000040233 ], [ 1195466.6267, 924522.758299999986775 ], [ 1195732.204699999885634, 925632.228400000021793 ], [ 1197949.2835, 924575.822700000018813 ], [ 1198700.965799999888986, 923053.744799999985844 ], [ 1200031.328, 924042.726600000052713 ], [ 1201621.3665, 923759.810399999958463 ], [ 1201705.3148, 925948.745400000014342 ], [ 1202990.2692, 925182.085300000035204 ], [ 1205277.9013, 925994.843499999959022 ], [ 1206037.627835845807567, 927414.038497404311784 ] ], [ [ 1206330.343169500818476, 927404.326131245936267 ], [ 1206783.251, 926507.4057 ], [ 1207639.9246, 927360.8739 ], [ 1206330.343169500818476, 927404.326131245936267 ] ] ] } },
{ "type": "Feature", "properties": { "id": "WHSE_ADMIN_BOUNDARIES.ADM_NR_REGIONS_SPG.West Coast Natural Resource Region", "REGION_NAME": "West Coast Natural Resource Region", "ORG_UNIT": "RWC", "ORG_UNIT_NAME": "West Coast Natural Resource Region", "FEATURE_CODE": "FM90000010", "FEATURE_NAME": "Natural Resource Region", "OBJECTID": 3641, "SE_ANNO_CAD_DATA": null, "FEATURE_AREA_SQM": 156764910116.16699, "FEATURE_LENGTH_M": 3106800.7368000001 }, "geometry": { "type": "Polygon", "coordinates": [ [ [ 1015210.6083, 871458.032400000025518 ], [ 1018239.1816, 871475.103400000021793 ], [ 1018461.9183, 830079.554499999969266 ], [ 1017757.9989, 829621.0098 ], [ 1019539.2559, 826740.580700000049546 ], [ 1018309.8022, 824285.0183 ], [ 1019345.3519, 821661.335300000035204 ], [ 1021969.5378, 819718.279899999964982 ], [ 1021651.6764, 818136.906500000040978 ], [ 1020802.4158, 817952.0048 ], [ 1022300.2985, 816825.0268 ], [ 1022117.8266, 813684.169499999959953 ], [ 1023310.2623, 813180.310599999967963 ], [ 1023484.2413, 811777.428500000038184 ], [ 1026007.2764, 811871.6999 ], [ 1027066.422, 809154.114300000015646 ], [ 1026212.4129, 807643.82550000003539 ], [ 1027218.4545, 805789.816699999966659 ], [ 1025115.9498, 804237.309299999964423 ], [ 1024084.1846, 804457.440700000035577 ], [ 1024012.2166, 790887.518099999986589 ], [ 1022547.9223, 790087.30980000004638 ], [ 1023590.7711, 788419.928300000028685 ], [ 1022808.2516, 784923.7378 ], [ 1024637.2015, 783499.665200000046752 ], [ 1024109.5238, 782731.655200000037439 ], [ 1025492.1196, 782198.53159999998752 ], [ 1025553.7468, 781359.772400000016205 ], [ 1023416.6593, 778067.128000000026077 ], [ 1024692.9886, 776852.7241 ], [ 1026301.9214, 777451.728699999977835 ], [ 1027051.5066, 776782.310000000055879 ], [ 1026262.6377, 776242.12789999996312 ], [ 1026292.8409, 774664.0823 ], [ 1028838.7943, 772247.157800000044517 ], [ 1028041.5308, 770226.539499999955297 ], [ 1028915.7621, 767127.428199999965727 ], [ 1030725.1733, 767052.191600000020117 ], [ 1032367.2148, 769795.652400000020862 ], [ 1034055.5576, 767742.074299999978393 ], [ 1035345.14, 767941.074400000041351 ], [ 1035940.5159, 767241.8615 ], [ 1034487.8378, 763952.777899999986403 ], [ 1036943.1538, 761304.422600000048988 ], [ 1036765.5205, 758759.274300000048243 ], [ 1040909.1221, 758418.053199999965727 ], [ 1039914.4042, 756327.2646 ], [ 1043461.6716, 753808.557599999941885 ], [ 1044642.8599, 751484.348 ], [ 1049929.3498, 751412.3726 ], [ 1052678.3613, 748455.823199999984354 ], [ 1051055.9434, 745347.261399999959394 ], [ 1053765.2284, 743772.080100000021048 ], [ 1052587.1796, 742753.591800000052899 ], [ 1052828.9925, 740868.70050000003539 ], [ 1051562.242, 738223.3861 ], [ 1053697.5876, 735674.605699999956414 ], [ 1049429.2321, 731820.783799999975599 ], [ 1049307.0558, 729212.183599999989383 ], [ 1052106.4089, 728632.994700000039302 ], [ 1052135.6369, 727567.425700000021607 ], [ 1050578.5863, 726299.523900000029244 ], [ 1051101.4407, 724649.06050000002142 ], [ 1052754.6002, 723315.137899999972433 ], [ 1052169.4275, 722358.57999999995809 ], [ 1049319.6129, 721592.880099999951199 ], [ 1049759.1159, 719490.928700000047684 ], [ 1049025.7538, 718200.500800000037998 ], [ 1046043.2366, 719119.726000000024214 ], [ 1045806.5615, 718150.397400000016205 ], [ 1047829.3455, 716310.530299999983981 ], [ 1046307.3543, 715699.213499999954365 ], [ 1045962.7253, 714530.2034 ], [ 1046663.9566, 713715.223400000017136 ], [ 1045604.0969, 710084.933300000033341 ], [ 1046308.0094, 708743.849500000011176 ], [ 1051120.1838, 707157.101799999945797 ], [ 1055522.856699999887496, 701761.008200000040233 ], [ 1054313.6309, 698891.496399999945424 ], [ 1050493.3225, 696627.753900000010617 ], [ 1049512.4935, 696826.755800000042655 ], [ 1049642.817100000102073, 695287.679200000013225 ], [ 1049144.5731, 694593.590199999976903 ], [ 1047752.0721, 694790.855699999956414 ], [ 1046160.7414, 691985.536300000036135 ], [ 1047091.2761, 690560.0795 ], [ 1046134.0055, 689285.8774 ], [ 1046572.4937, 687835.792600000044331 ], [ 1048449.8548, 687347.93839999998454 ], [ 1049930.9403, 684177.54949999996461 ], [ 1051729.4544, 683205.209599999943748 ], [ 1049386.9687, 682029.899899999960326 ], [ 1050106.4063, 679334.260200000018813 ], [ 1049272.5362, 676432.764500000048429 ], [ 1050460.903, 675314.678199999965727 ], [ 1052171.7292, 675245.614500000025146 ], [ 1052117.8584, 673694.183399999979883 ], [ 1053996.8219, 672122.276700000045821 ], [ 1052507.2007, 671048.770800000056624 ], [ 1051966.3761, 671706.3062 ], [ 1050514.9502, 670624.945700000040233 ], [ 1048414.2596, 670650.60750000004191 ], [ 1047432.6865, 668793.5185 ], [ 1048350.177, 666902.451099999947473 ], [ 1052288.6711, 663761.118800000054762 ], [ 1052284.482800000114366, 661038.59050000004936 ], [ 1054021.8516, 660514.988600000040606 ], [ 1055753.9272, 661264.690599999972619 ], [ 1056344.746, 660511.06339999998454 ], [ 1055092.5104, 656869.918599999975413 ], [ 1052723.2887, 657096.9815 ], [ 1052556.8731, 655548.175700000021607 ], [ 1054109.6228, 653287.674699999974109 ], [ 1052920.2569, 651396.255299999960698 ], [ 1057714.8153, 651505.459299999987707 ], [ 1057011.6505, 647831.674899999983609 ], [ 1059197.5765, 647773.95429999998305 ], [ 1059839.2754, 645864.226299999980256 ], [ 1058909.5041, 644972.1494 ], [ 1059240.9227, 642957.301100000040606 ], [ 1062497.8395, 642215.682599999941885 ], [ 1064164.8224, 642729.273700000019744 ], [ 1064414.7446, 641271.879700000048615 ], [ 1062775.4918, 639544.357100000022911 ], [ 1063204.4298, 636939.425500000012107 ], [ 1065086.3051, 636441.771500000031665 ], [ 1066175.7449, 634926.859000000054948 ], [ 1067681.2079, 635166.1814 ], [ 1068728.7775, 633770.78159999998752 ], [ 1067240.0504, 629607.734900000039488 ], [ 1068213.7264, 628902.0908 ], [ 1067683.6513, 627512.9181 ], [ 1066059.5902, 626359.231600000057369 ], [ 1065163.957299999892712, 627026.5773 ], [ 1063793.4972, 626444.316400000010617 ], [ 1060930.4835, 621402.486299999989569 ], [ 1061644.4319, 620091.641700000036508 ], [ 1061071.2418, 618142.674800000037067 ], [ 1058114.9862, 617830.341099999961443 ], [ 1059174.0742, 614955.2254 ], [ 1061771.2342, 614656.196600000024773 ], [ 1061961.7627, 613147.991200000047684 ], [ 1063269.7734, 613265.4634 ], [ 1063729.999800000106916, 612263.777699999976903 ], [ 1067761.905, 611988.06160000001546 ], [ 1068857.0724, 610948.519199999980628 ], [ 1066377.8645, 609259.383299999986775 ], [ 1065358.5985, 606627.358499999972992 ], [ 1064957.6277, 601924.148599999956787 ], [ 1061603.2133, 601219.300500000012107 ], [ 1060075.1983, 599530.0758 ], [ 1060426.6628, 594832.805500000016764 ], [ 1063650.5865, 591223.43550000002142 ], [ 1060199.1293, 590307.460700000054203 ], [ 1055747.1357, 587009.6322 ], [ 1057575.8085, 582507.422299999976531 ], [ 1061522.785699999891222, 577906.582399999955669 ], [ 1061896.0132, 574968.2707 ], [ 1059423.6593, 569144.924699999974109 ], [ 1062750.4681, 565298.165200000046752 ], [ 1063242.2754, 560173.572700000018813 ], [ 1066297.6194, 553286.322599999955855 ], [ 1072400.732, 549239.138799999956973 ], [ 1075041.3982, 546450.803300000028685 ], [ 1078286.2083, 545635.747500000055879 ], [ 1081424.1876, 542850.637800000025891 ], [ 1091119.9113, 523587.2256 ], [ 1096576.2952, 516687.4206000000122 ], [ 1108266.4564, 504915.185999999986961 ], [ 1119673.861500000115484, 505084.904099999985192 ], [ 1129149.5476, 501932.615 ], [ 1133402.0619, 498347.851399999985006 ], [ 1136326.3202, 493195.381799999973737 ], [ 1141883.4372, 493316.666399999987334 ], [ 1142468.760900000110269, 485120.59409999998752 ], [ 1152657.004600000102073, 483493.680400000012014 ], [ 1161753.8865, 480950.930799999972805 ], [ 1170066.2064, 477844.256799999973737 ], [ 1176774.9789, 474000.702700000023469 ], [ 1181420.9207, 468610.555600000021514 ], [ 1196092.8, 446596.5992 ], [ 1219868.0989, 428564.707899999979418 ], [ 1220168.9738, 421452.8738 ], [ 1201402.004999999888241, 412571.962300000013784 ], [ 1205642.4801, 396599.67090000002645 ], [ 1210432.5622, 386217.175899999972899 ], [ 1213979.7046, 382953.756500000017695 ], [ 1204604.4605, 367165.337999999988824 ], [ 1183067.277199999894947, 359771.8406 ], [ 1172748.525700000114739, 361137.434 ], [ 1147788.340400000102818, 366667.9938 ], [ 1093981.9281, 387364.0574 ], [ 1088558.8024, 397055.319000000017695 ], [ 1084915.6946, 400970.814699999988079 ], [ 1075678.4804, 405112.70319999998901 ], [ 1063793.8301, 408001.37310000002617 ], [ 1061260.5995, 410245.0097 ], [ 1059570.9952, 413394.895000000018626 ], [ 1054501.344, 415052.043899999989662 ], [ 1043516.8917, 421207.1104 ], [ 1039129.1155, 428829.854999999981374 ], [ 1032642.6526, 429239.650199999974575 ], [ 1030484.0838, 430235.771799999987707 ], [ 1025557.4799, 434812.24810000002617 ], [ 1023950.1918, 437321.7084 ], [ 1020615.2265, 438961.62300000002142 ], [ 1018630.1682, 443658.6459 ], [ 1016957.948, 445053.272699999972247 ], [ 1010887.3873, 445172.1481 ], [ 1005337.7548, 448952.785900000017136 ], [ 1003357.3485, 452404.318299999984447 ], [ 1000214.3435, 454399.430500000016764 ], [ 994655.8726, 455517.184400000027381 ], [ 990220.199400000041351, 457743.237499999988358 ], [ 988328.482700000051409, 460321.354400000011083 ], [ 987934.577799999970011, 465239.4499 ], [ 979914.48230000003241, 470671.95409999997355 ], [ 978562.743000000016764, 472772.65749999997206 ], [ 978133.935000000055879, 476409.32819999998901 ], [ 971311.618000000016764, 483135.988499999977648 ], [ 970225.103499999968335, 483438.803399999975227 ], [ 968518.930399999953806, 480841.301700000010896 ], [ 966211.521700000041164, 479877.658799999975599 ], [ 959857.304499999969266, 479767.450200000021141 ], [ 956799.257100000046194, 481019.9411 ], [ 953396.591499999980442, 488243.146599999978207 ], [ 954131.258599999942817, 491971.3322 ], [ 953738.258200000040233, 495816.0478 ], [ 954717.4828, 499335.07760000001872 ], [ 953882.158999999985099, 502228.1518 ], [ 950084.48589999997057, 502148.4239 ], [ 945419.393999999971129, 505334.711200000019744 ], [ 942582.062900000018999, 505532.1176 ], [ 936970.462399999960326, 508173.048200000019278 ], [ 935029.548500000033528, 512507.880500000028405 ], [ 931547.0627, 514922.844900000025518 ], [ 925261.604399999952875, 523633.9876 ], [ 924713.487399999983609, 526071.982399999978952 ], [ 925748.858699999982491, 528931.510600000037812 ], [ 923273.095800000010058, 528411.492899999953806 ], [ 920886.446499999961816, 529156.297200000029989 ], [ 918281.193100000033155, 532570.298100000014529 ], [ 914685.7452, 534637.952399999951012 ], [ 911235.770499999984168, 538443.026900000055321 ], [ 908734.60999999998603, 539741.175799999968149 ], [ 904370.358600000035949, 544852.822799999965355 ], [ 900748.464999999967404, 546117.80039999994915 ], [ 898689.088600000017323, 548861.447599999955855 ], [ 892967.901700000045821, 549820.425900000031106 ], [ 885517.746399999945424, 553630.522099999943748 ], [ 883824.601799999945797, 555469.706200000015087 ], [ 881458.238099999958649, 561280.1539000000339 ], [ 879039.615299999946728, 562907.9793 ], [ 873355.981099999975413, 559768.239700000034645 ], [ 869131.560300000011921, 559700.501399999950081 ], [ 862645.5246, 562554.302600000053644 ], [ 858969.665799999958836, 565410.899300000048243 ], [ 858008.440799999982119, 567718.9351 ], [ 857854.420599999953993, 571157.46550000004936 ], [ 859004.195100000011735, 573377.692099999985658 ], [ 861786.108099999953993, 575515.412000000011176 ], [ 861122.982100000022911, 578420.029899999964982 ], [ 861865.593600000021979, 580571.572700000018813 ], [ 860926.1154, 583606.1335 ], [ 862015.778799999970943, 586470.893200000049546 ], [ 860029.701, 586507.226000000024214 ], [ 856660.1812, 588105.712799999979325 ], [ 853953.010099999955855, 591988.5431 ], [ 853458.239900000044145, 595704.616700000013225 ], [ 855168.638799999956973, 600461.627199999988079 ], [ 852255.852900000056252, 600993.372199999983422 ], [ 849844.219900000025518, 603546.86179999995511 ], [ 847130.055599999963306, 604815.212799999979325 ], [ 845071.1104, 608037.3761 ], [ 838935.037099999957718, 613181.028199999942444 ], [ 836299.609000000054948, 619409.2474 ], [ 832860.6742, 621691.130299999960698 ], [ 831001.458899999968708, 624704.963699999963865 ], [ 830648.399899999960326, 626957.669 ], [ 827635.161300000036135, 630482.233600000035949 ], [ 827324.856900000013411, 634814.093299999949522 ], [ 824065.005800000042655, 641375.396399999968708 ], [ 823793.838600000017323, 644876.2953 ], [ 821509.922600000048988, 641613.104599999962375 ], [ 816956.857199999969453, 639518.301199999987148 ], [ 813949.881700000027195, 639674.801899999962188 ], [ 810980.126900000032037, 641709.932400000048801 ], [ 808715.943899999954738, 641931.868800000054762 ], [ 806799.715399999986403, 640395.819200000027195 ], [ 804354.204400000046007, 640019.720800000010058 ], [ 800830.884700000053272, 642095.338299999944866 ], [ 799437.283700000029057, 645917.174400000018068 ], [ 796357.12210000003688, 644062.79839999997057 ], [ 791853.379399999976158, 644328.279699999955483 ], [ 789093.006000000052154, 646118.228 ], [ 788103.183899999945424, 648896.636799999978393 ], [ 783307.251900000032037, 648110.192099999985658 ], [ 779661.676800000015646, 649494.873099999967963 ], [ 649898.791500000050291, 780755.098499999963678 ], [ 645498.254300000029616, 787764.329200000036508 ], [ 645286.231099999975413, 790223.334000000031665 ], [ 646120.67249999998603, 792289.661399999982677 ], [ 645269.044100000057369, 794435.732599999988452 ], [ 642106.84699999995064, 794571.584900000016205 ], [ 638811.6971, 796936.658700000029057 ], [ 635722.691499999957159, 801974.217599999974482 ], [ 633420.762800000025891, 803827.896399999968708 ], [ 632545.821499999961816, 806145.349700000020675 ], [ 626734.2474, 811696.68929999996908 ], [ 624654.084000000031665, 817408.066699999966659 ], [ 621876.723099999944679, 820272.273700000019744 ], [ 620571.754399999976158, 822977.397899999981746 ], [ 618033.4083999999566, 825089.224599999957718 ], [ 615314.54839999997057, 832289.458899999968708 ], [ 615319.364599999971688, 835646.599900000030175 ], [ 612086.103400000021793, 841432.9312 ], [ 604966.539600000018254, 846348.114300000015646 ], [ 601070.339700000011362, 851970.81449999997858 ], [ 597863.04390000004787, 854919.700900000054389 ], [ 594559.953300000051968, 861363.715300000039861 ], [ 587936.6457, 868054.828499999945052 ], [ 579846.895499999984168, 879493.018999999971129 ], [ 576720.9475, 881965.481299999984913 ], [ 574903.14379999996163, 886456.187200000043958 ], [ 574600.446099999942817, 889448.240299999946728 ], [ 572096.042299999971874, 892004.5662 ], [ 568809.896199999959208, 898448.619399999966845 ], [ 569843.064400000032037, 903061.7415 ], [ 572178.619700000039302, 905533.043199999956414 ], [ 568338.6006, 906726.369700000039302 ], [ 565607.76410000002943, 906309.453100000042468 ], [ 563230.477599999983795, 907060.031100000021979 ], [ 560353.882300000055693, 909456.462799999979325 ], [ 556620.840100000030361, 915916.804699999978766 ], [ 555402.825100000016391, 923234.4314 ], [ 556978.094799999962561, 928063.2121 ], [ 556396.784600000013597, 932353.2069 ], [ 551841.514899999951012, 933001.557900000014342 ], [ 549630.651599999982864, 934768.054099999950267 ], [ 548676.394500000053085, 937080.664100000052713 ], [ 549212.486200000043027, 940465.804699999978766 ], [ 547430.898399999947287, 941885.7121 ], [ 546147.180700000026263, 944809.4462 ], [ 547021.060599999967963, 948674.411300000036135 ], [ 549168.276399999973364, 950547.415000000037253 ], [ 550153.25, 953559.006199999945238 ], [ 551827.035900000017136, 955240.057900000014342 ], [ 548685.452799999970011, 957329.329600000055507 ], [ 541869.250600000028498, 958042.302600000053644 ], [ 539440.790999999968335, 960274.838100000051782 ], [ 539191.8445, 964146.882699999958277 ], [ 537104.996999999973923, 966429.2635 ], [ 536590.370099999941885, 969069.7502 ], [ 533894.898999999975786, 973081.900600000051782 ], [ 533578.215199999976903, 978211.707399999955669 ], [ 536182.8003, 981551.607599999988452 ], [ 534608.995, 983310.62300000002142 ], [ 532987.150600000051782, 987516.510299999965355 ], [ 534234.321499999961816, 991442.468899999978021 ], [ 529102.98679999995511, 995259.091299999970943 ], [ 527722.919699999969453, 999816.85620000003837 ], [ 529170.496099999989383, 1004490.3465 ], [ 527223.689099999959581, 1010323.3638 ], [ 527358.820500000030734, 1014759.6876 ], [ 530085.717399999964982, 1020342.2169 ], [ 530833.853800000040792, 1024870.2564 ], [ 534335.963499999954365, 1028422.1672 ], [ 532809.0819, 1036623.4393 ], [ 534677.516199999954551, 1040251.735 ], [ 534616.2095, 1044072.0355 ], [ 569735.250800000037998, 1095952.5903 ], [ 634372.026199999963865, 1092234.0242000001017 ], [ 745959.547999999951571, 777590.808399999979883 ], [ 799714.60750000004191, 820943.296699999948032 ], [ 802365.546899999957532, 824763.441499999957159 ], [ 803901.85750000004191, 829552.6019 ], [ 806880.644300000043586, 846515.122199999983422 ], [ 813762.366099999984726, 846236.907400000025518 ], [ 814201.211699999985285, 846889.246700000017881 ], [ 820447.1115, 847800.290400000056252 ], [ 824913.666500000050291, 847002.7835999999661 ], [ 827681.014199999975972, 855729.774800000013784 ], [ 827245.644199999980628, 858190.4105 ], [ 830724.524899999960326, 877992.404499999945983 ], [ 832530.461400000029244, 877708.479199999943376 ], [ 834993.299099999945611, 873799.413999999989755 ], [ 835652.835700000054203, 871122.189400000032037 ], [ 836882.617699999944307, 873185.18929999996908 ], [ 838214.165900000021793, 873858.1962 ], [ 837999.587399999960326, 875797.879500000039116 ], [ 839367.372199999983422, 876537.90500000002794 ], [ 837704.715399999986403, 877353.981299999984913 ], [ 837323.17449999996461, 879648.446600000024773 ], [ 840442.753600000054576, 883599.371399999945424 ], [ 841489.682799999951385, 883649.411399999982677 ], [ 843000.262699999962933, 882213.459599999943748 ], [ 844858.096600000048056, 882590.516500000027008 ], [ 847206.694600000046194, 880538.015299999970011 ], [ 851200.189400000032037, 884870.530600000056438 ], [ 853368.8994, 885420.141500000027008 ], [ 853967.6004, 886573.8003 ], [ 855855.004700000048615, 886674.9634 ], [ 856061.463600000017323, 887922.837000000057742 ], [ 853349.581499999971129, 888513.298199999961071 ], [ 853717.775000000023283, 890540.2339 ], [ 855203.437400000053458, 891260.262899999972433 ], [ 855302.351000000024214, 892113.235699999961071 ], [ 854972.062000000034459, 893919.822599999955855 ], [ 852751.378000000026077, 896302.250400000018999 ], [ 854850.996900000027381, 897701.917600000044331 ], [ 856531.994799999985844, 897844.581699999980628 ], [ 856884.336200000019744, 896608.149699999950826 ], [ 858351.606600000057369, 896253.990899999975227 ], [ 860387.841999999945983, 892739.317200000048615 ], [ 864084.200100000016391, 893905.841200000024401 ], [ 864854.456800000043586, 893073.210500000044703 ], [ 866242.734399999957532, 893095.798199999961071 ], [ 868293.014199999975972, 889274.42249999998603 ], [ 868168.082700000028126, 885977.659100000048056 ], [ 870601.557799999951385, 881014.499300000024959 ], [ 870605.564200000022538, 879133.20140000001993 ], [ 873646.165200000046752, 876376.7195 ], [ 874838.703699999954551, 877553.528599999961443 ], [ 875880.435000000055879, 877140.978099999949336 ], [ 876159.632800000021234, 876488.885600000037812 ], [ 874926.911300000036135, 875369.755299999960698 ], [ 876843.120699999970384, 874288.238400000031106 ], [ 877095.501500000013039, 873220.134500000043772 ], [ 879313.567700000014156, 872657.463899999973364 ], [ 878009.933599999989383, 869923.57819999998901 ], [ 879300.340100000030361, 868970.9085999999661 ], [ 879208.867199999978766, 864705.658500000019558 ], [ 881017.380600000033155, 864219.88800000003539 ], [ 881484.104199999943376, 862348.676199999987148 ], [ 884658.652899999986403, 865013.569200000027195 ], [ 885577.7563, 864280.347100000013597 ], [ 886301.853400000021793, 865984.675900000031106 ], [ 889406.431800000020303, 864714.918300000019372 ], [ 891841.455300000030547, 864872.119300000020303 ], [ 892273.442900000023656, 862457.520800000056624 ], [ 890506.46999999997206, 859722.233800000045449 ], [ 893448.069999999948777, 858078.928300000028685 ], [ 893326.239199999952689, 856628.018700000015087 ], [ 894456.98430000001099, 854581.451699999975972 ], [ 895532.0405, 855397.114900000044145 ], [ 896407.956699999980628, 854656.776599999982864 ], [ 897848.795099999988452, 855239.2759 ], [ 898643.7561, 854712.0795 ], [ 898610.60930000001099, 853527.512499999953434 ], [ 899681.132499999948777, 854322.962500000023283 ], [ 900941.910799999954179, 853872.707500000018626 ], [ 901166.056100000045262, 856597.658199999947101 ], [ 903942.993400000035763, 857776.120600000023842 ], [ 907678.406700000050478, 860908.072700000018813 ], [ 908049.182599999941885, 861723.313700000056997 ], [ 907102.6298, 864017.986400000052527 ], [ 908851.746399999945424, 867358.10530000005383 ], [ 909545.6886, 867448.272699999972247 ], [ 909758.885099999955855, 866339.475199999986216 ], [ 911478.983699999982491, 866224.846200000029057 ], [ 913228.09519999998156, 868423.003600000054576 ], [ 914347.34499999997206, 867675.4181 ], [ 918094.067000000039116, 869233.483699999982491 ], [ 918328.59519999998156, 872470.836000000010245 ], [ 916060.51410000002943, 873330.075900000054389 ], [ 913890.2818, 876022.630099999951199 ], [ 914559.837900000042282, 877080.196099999942817 ], [ 912740.549699999974109, 878161.429899999988265 ], [ 913724.983, 881796.82909999997355 ], [ 916544.184699999983422, 883769.274500000057742 ], [ 916754.097900000051595, 884749.9046 ], [ 915369.659899999969639, 886791.310900000040419 ], [ 917131.62699999997858, 889080.439600000041537 ], [ 916177.59250000002794, 893362.204200000036508 ], [ 914293.14269999996759, 895097.103600000031292 ], [ 913810.533500000019558, 896732.255600000033155 ], [ 912623.488699999987148, 897089.814699999988079 ], [ 911405.923199999961071, 896356.082500000018626 ], [ 909354.7857, 898118.724599999957718 ], [ 903680.162499999976717, 898353.4033 ], [ 903011.742699999944307, 900223.304899999988265 ], [ 904268.390400000032969, 902558.866200000047684 ], [ 901566.245899999979883, 902684.091299999970943 ], [ 901327.066800000029616, 904026.04480000003241 ], [ 901400.283700000029057, 904912.18949999997858 ], [ 902766.761300000012852, 905125.088600000017323 ], [ 903902.307099999976344, 906892.037299999967217 ], [ 906037.914100000052713, 906784.711499999975786 ], [ 906552.015800000051968, 909748.858699999982491 ], [ 909500.038300000014715, 908467.035000000032596 ], [ 909553.6616, 913899.2426 ], [ 911195.72199999995064, 914152.550500000012107 ], [ 912693.293399999965914, 911752.835199999972247 ], [ 914801.222599999979138, 916271.169600000022911 ], [ 914281.753400000045076, 918475.327399999951012 ], [ 914932.716200000024401, 919374.96730000001844 ], [ 916022.339900000020862, 919655.969900000025518 ], [ 917026.113200000021607, 917293.1631 ], [ 919928.8615, 916283.98320000001695 ], [ 922320.162699999986216, 919112.746399999945424 ], [ 923380.29390000004787, 918843.103499999968335 ], [ 924563.282800000044517, 915312.700399999972433 ], [ 927003.347900000051595, 915711.8173 ], [ 927791.75289999996312, 915082.6777 ], [ 928854.407800000044517, 917797.714200000045821 ], [ 928417.2548, 919466.829900000011548 ], [ 929482.421199999982491, 921409.3162 ], [ 933218.942999999970198, 922384.409600000013597 ], [ 933468.956400000024587, 921096.4499 ], [ 934335.096499999985099, 920953.2217 ], [ 934917.690500000026077, 917706.000699999975041 ], [ 933389.083600000012666, 917091.173500000033528 ], [ 932937.1825, 914675.5305 ], [ 931008.919100000057369, 913746.392800000030547 ], [ 930362.307799999951385, 911093.102500000037253 ], [ 931648.157800000044517, 910681.497800000011921 ], [ 932299.214999999967404, 907696.3234 ], [ 933757.821499999961816, 905390.853699999977835 ], [ 933761.186299999943003, 903328.3972 ], [ 931103.983800000045449, 901376.932599999941885 ], [ 932576.974799999967217, 898235.203699999954551 ], [ 932106.725899999961257, 896665.4438 ], [ 933037.526100000017323, 895810.296100000035949 ], [ 934665.584000000031665, 896318.629399999976158 ], [ 936653.608800000045449, 898689.0342 ], [ 937188.407299999962561, 897918.728200000012293 ], [ 940672.10640000004787, 897653.772400000016205 ], [ 942184.759199999971315, 900533.248999999952503 ], [ 943885.348499999963678, 900224.659300000057556 ], [ 946828.522899999981746, 895609.870400000014342 ], [ 947184.467599999974482, 887986.605499999946915 ], [ 948194.51210000005085, 888976.585100000025705 ], [ 949788.079600000055507, 887235.802999999956228 ], [ 952586.304099999950267, 886758.5688 ], [ 956354.863400000031106, 892012.243600000045262 ], [ 958860.51300000003539, 887721.429800000041723 ], [ 957728.029699999955483, 885496.4327 ], [ 960055.2465, 884626.8247 ], [ 961652.9965, 886230.1742 ], [ 963429.005299999960698, 885806.990899999975227 ], [ 963175.666199999977835, 887136.319299999973737 ], [ 964690.872699999948964, 889704.373400000040419 ], [ 967592.736000000033528, 891573.849700000020675 ], [ 968201.164100000052713, 895405.23030000005383 ], [ 969768.62, 897002.571499999961816 ], [ 969960.8543, 898066.317799999960698 ], [ 968923.4682, 899236.8665 ], [ 969607.026199999963865, 900374.005699999979697 ], [ 973132.755, 899591.219000000040978 ], [ 974288.768399999942631, 900059.5662 ], [ 975757.8774, 898067.81449999997858 ], [ 980559.414299999945797, 899619.559699999983422 ], [ 982144.582799999974668, 903513.663399999961257 ], [ 984073.318199999979697, 905039.837799999979325 ], [ 983084.172200000029989, 907458.526100000017323 ], [ 984092.040700000012293, 907184.239300000015646 ], [ 985241.533500000019558, 907742.792600000044331 ], [ 985131.307999999960884, 908569.198699999949895 ], [ 986465.184200000017881, 908308.24730000004638 ], [ 986952.687900000018999, 909056.258299999986775 ], [ 987749.102300000027753, 908309.278599999961443 ], [ 989574.50269999995362, 910135.642100000055507 ], [ 990156.69039999996312, 908634.1568 ], [ 991426.423199999961071, 908630.770800000056624 ], [ 993765.837199999950826, 911506.98430000001099 ], [ 1015278.9455, 911152.1677 ], [ 1015210.6083, 871458.032400000025518 ] ] ] } },
{ "type": "Feature", "properties": { "id": "WHSE_ADMIN_BOUNDARIES.ADM_NR_REGIONS_SPG.South Coast Natural Resource Region", "REGION_NAME": "South Coast Natural Resource Region", "ORG_UNIT": "RSC", "ORG_UNIT_NAME": "South Coast Natural Resource Region", "FEATURE_CODE": "FM90000010", "FEATURE_NAME": "Natural Resource Region", "OBJECTID": 3642, "SE_ANNO_CAD_DATA": null, "FEATURE_AREA_SQM": 46154308109.946701, "FEATURE_LENGTH_M": 1423031.9709000001 }, "geometry": { "type": "Polygon", "coordinates": [ [ [ 1196092.8, 446596.5992 ], [ 1181420.9207, 468610.555600000021514 ], [ 1176774.9789, 474000.702700000023469 ], [ 1170066.2064, 477844.256799999973737 ], [ 1161753.8865, 480950.930799999972805 ], [ 1152657.004600000102073, 483493.680400000012014 ], [ 1142468.760900000110269, 485120.59409999998752 ], [ 1141883.4372, 493316.666399999987334 ], [ 1136326.3202, 493195.381799999973737 ], [ 1133402.0619, 498347.851399999985006 ], [ 1129149.5476, 501932.615 ], [ 1119673.861500000115484, 505084.904099999985192 ], [ 1108266.4564, 504915.185999999986961 ], [ 1096576.2952, 516687.4206000000122 ], [ 1091119.9113, 523587.2256 ], [ 1081424.1876, 542850.637800000025891 ], [ 1078286.2083, 545635.747500000055879 ], [ 1075041.3982, 546450.803300000028685 ], [ 1072400.732, 549239.138799999956973 ], [ 1067699.4276, 551863.137499999953434 ], [ 1065637.2078, 554280.3393 ], [ 1063242.2754, 560173.572700000018813 ], [ 1062750.4681, 565298.165200000046752 ], [ 1059423.6593, 569144.924699999974109 ], [ 1061896.0132, 574968.2707 ], [ 1061522.785699999891222, 577906.582399999955669 ], [ 1057575.8085, 582507.422299999976531 ], [ 1055747.1357, 587009.6322 ], [ 1060199.1293, 590307.460700000054203 ], [ 1063650.5865, 591223.43550000002142 ], [ 1060426.6628, 594832.805500000016764 ], [ 1060075.1983, 599530.0758 ], [ 1061603.2133, 601219.300500000012107 ], [ 1064957.6277, 601924.148599999956787 ], [ 1065358.5985, 606627.358499999972992 ], [ 1066377.8645, 609259.383299999986775 ], [ 1068857.0724, 610948.519199999980628 ], [ 1067761.905, 611988.06160000001546 ], [ 1063729.999800000106916, 612263.777699999976903 ], [ 1063269.7734, 613265.4634 ], [ 1061961.7627, 613147.991200000047684 ], [ 1061771.2342, 614656.196600000024773 ], [ 1059174.0742, 614955.2254 ], [ 1058114.9862, 617830.341099999961443 ], [ 1061071.2418, 618142.674800000037067 ], [ 1061644.4319, 620091.641700000036508 ], [ 1060930.4835, 621402.486299999989569 ], [ 1063793.4972, 626444.316400000010617 ], [ 1065163.957299999892712, 627026.5773 ], [ 1066059.5902, 626359.231600000057369 ], [ 1067683.6513, 627512.9181 ], [ 1068213.7264, 628902.0908 ], [ 1067240.0504, 629607.734900000039488 ], [ 1068728.7775, 633770.78159999998752 ], [ 1067681.2079, 635166.1814 ], [ 1066175.7449, 634926.859000000054948 ], [ 1065086.3051, 636441.771500000031665 ], [ 1063204.4298, 636939.425500000012107 ], [ 1062775.4918, 639544.357100000022911 ], [ 1064414.7446, 641271.879700000048615 ], [ 1064164.8224, 642729.273700000019744 ], [ 1062497.8395, 642215.682599999941885 ], [ 1059240.9227, 642957.301100000040606 ], [ 1058909.5041, 644972.1494 ], [ 1059839.2754, 645864.226299999980256 ], [ 1059197.5765, 647773.95429999998305 ], [ 1057011.6505, 647831.674899999983609 ], [ 1057714.8153, 651505.459299999987707 ], [ 1052920.2569, 651396.255299999960698 ], [ 1054109.6228, 653287.674699999974109 ], [ 1052556.8731, 655548.175700000021607 ], [ 1052723.2887, 657096.9815 ], [ 1055092.5104, 656869.918599999975413 ], [ 1056344.746, 660511.06339999998454 ], [ 1055753.9272, 661264.690599999972619 ], [ 1054021.8516, 660514.988600000040606 ], [ 1052284.482800000114366, 661038.59050000004936 ], [ 1052288.6711, 663761.118800000054762 ], [ 1048350.177, 666902.451099999947473 ], [ 1047432.6865, 668793.5185 ], [ 1048414.2596, 670650.60750000004191 ], [ 1050514.9502, 670624.945700000040233 ], [ 1051966.3761, 671706.3062 ], [ 1052507.2007, 671048.770800000056624 ], [ 1053996.8219, 672122.276700000045821 ], [ 1052117.8584, 673694.183399999979883 ], [ 1052171.7292, 675245.614500000025146 ], [ 1050460.903, 675314.678199999965727 ], [ 1049272.5362, 676432.764500000048429 ], [ 1050106.4063, 679334.260200000018813 ], [ 1049386.9687, 682029.899899999960326 ], [ 1051729.4544, 683205.209599999943748 ], [ 1049930.9403, 684177.54949999996461 ], [ 1048449.8548, 687347.93839999998454 ], [ 1046572.4937, 687835.792600000044331 ], [ 1046134.0055, 689285.8774 ], [ 1047091.2761, 690560.0795 ], [ 1046160.7414, 691985.536300000036135 ], [ 1047752.0721, 694790.855699999956414 ], [ 1049144.5731, 694593.590199999976903 ], [ 1049642.817100000102073, 695287.679200000013225 ], [ 1049512.4935, 696826.755800000042655 ], [ 1050493.3225, 696627.753900000010617 ], [ 1054313.6309, 698891.496399999945424 ], [ 1055522.856699999887496, 701761.008200000040233 ], [ 1058248.9443, 700731.8787 ], [ 1059617.1298, 701194.066899999976158 ], [ 1072863.2401, 692100.3948 ], [ 1113430.7616, 687880.0916000000434 ], [ 1113431.3812, 682574.3922 ], [ 1116513.8449, 683120.985800000024028 ], [ 1117880.4535, 681016.95160000002943 ], [ 1119453.6595, 681059.5721 ], [ 1120625.4199, 682456.671100000035949 ], [ 1122463.3041, 682314.922000000020489 ], [ 1122779.261299999896437, 683514.931499999947846 ], [ 1124782.147000000113621, 681934.68480000004638 ], [ 1126068.5585, 682268.335500000044703 ], [ 1126543.1098, 681000.906500000040978 ], [ 1127969.5998, 681037.489199999952689 ], [ 1127628.9834, 676300.130800000042655 ], [ 1128819.8934, 676550.4327 ], [ 1129176.5865, 674836.953300000051968 ], [ 1127850.1181, 675752.055500000016764 ], [ 1128150.4438, 674091.8197 ], [ 1127536.1314, 673952.853200000012293 ], [ 1128279.5885, 672522.598099999944679 ], [ 1129902.3071, 671845.71730000001844 ], [ 1129037.6266, 671428.703899999964051 ], [ 1129205.816399999894202, 670561.739399999962188 ], [ 1132625.5333, 667982.185399999958463 ], [ 1134045.3472, 668198.695799999986775 ], [ 1134520.0366, 667217.8408 ], [ 1133902.732, 664875.81449999997858 ], [ 1135255.0462, 665160.884500000043772 ], [ 1136111.1834, 664168.615699999965727 ], [ 1135585.4017, 659909.004700000048615 ], [ 1136602.974, 659876.397400000016205 ], [ 1137337.7628, 661098.205100000021048 ], [ 1138507.7528, 659963.095500000054017 ], [ 1140759.5048, 662851.536300000036135 ], [ 1142219.4545, 662357.3123 ], [ 1144150.2041, 659973.802400000044145 ], [ 1145575.568, 659885.182799999951385 ], [ 1146272.1171, 660985.8578 ], [ 1147491.1043, 660432.484799999976531 ], [ 1148954.7508, 661619.348299999954179 ], [ 1150420.3415, 659578.000099999946542 ], [ 1151573.4204, 660089.4974 ], [ 1152384.785300000105053, 656385.256599999964237 ], [ 1153825.9172, 657680.3186 ], [ 1157073.2314, 657001.910400000051595 ], [ 1157003.5372, 654752.04480000003241 ], [ 1159331.455, 654651.3445 ], [ 1161225.1002, 656111.359199999948032 ], [ 1161754.3767, 654432.408500000019558 ], [ 1162742.6275, 654314.58109999995213 ], [ 1161635.3938, 650943.602599999983795 ], [ 1160482.746499999891967, 650727.274800000013784 ], [ 1159628.2225, 648372.189600000041537 ], [ 1160624.0402, 644705.135 ], [ 1161449.4433, 644303.208699999959208 ], [ 1162753.0825, 645341.03269999998156 ], [ 1165119.748700000112876, 645233.360299999942072 ], [ 1165481.2041, 644437.1714 ], [ 1167442.5047, 644472.623400000040419 ], [ 1167947.1787, 643151.905099999974482 ], [ 1168947.825, 642813.180799999972805 ], [ 1172383.821, 645015.2857 ], [ 1174278.800499999895692, 644981.361000000033528 ], [ 1176447.6915, 642749.99710000003688 ], [ 1177505.0186, 645200.6226 ], [ 1178918.971700000111014, 645904.5662 ], [ 1182018.638, 644473.66870000003837 ], [ 1182663.6706, 643171.268900000024587 ], [ 1183779.2907, 645470.0993 ], [ 1185356.0419, 645800.1751 ], [ 1185925.1108, 641202.39249999995809 ], [ 1187546.6203, 640744.377300000051036 ], [ 1189031.3525, 638006.544400000013411 ], [ 1192786.2545, 638787.402800000039861 ], [ 1196159.3254, 636457.82460000005085 ], [ 1197720.2854, 633724.638599999947473 ], [ 1197451.882200000109151, 632894.404199999989942 ], [ 1199494.8145, 630193.842399999964982 ], [ 1199620.2811, 627392.559400000027381 ], [ 1200963.1316, 628290.4743 ], [ 1202678.3954, 626534.991599999950267 ], [ 1204328.1648, 626858.545399999944493 ], [ 1205310.9088, 624434.089000000036322 ], [ 1208599.8569, 622312.002300000051036 ], [ 1209909.4318, 623806.290200000046752 ], [ 1209307.5916, 625186.528199999942444 ], [ 1210527.0457, 624651.064200000022538 ], [ 1212014.181399999884889, 625213.087399999960326 ], [ 1212316.267199999885634, 622407.410299999988638 ], [ 1214404.2086, 621898.8112 ], [ 1215755.4797, 619555.536399999982677 ], [ 1216546.6525, 619729.379599999985658 ], [ 1215986.5389, 623590.093699999968521 ], [ 1216503.171799999894574, 624644.029499999945983 ], [ 1219058.7344, 625800.573899999959394 ], [ 1219263.5846, 626820.263599999947473 ], [ 1221795.411, 627379.70050000003539 ], [ 1223818.7207, 630838.412099999957718 ], [ 1226190.5935, 630615.603899999987334 ], [ 1228454.7915, 632523.56449999997858 ], [ 1229756.392, 631539.8528 ], [ 1231975.5768, 631926.349599999957718 ], [ 1232752.9722, 630651.37769999995362 ], [ 1234715.8072, 630800.107700000051409 ], [ 1235433.6421, 631776.590199999976903 ], [ 1238292.476500000106171, 632523.690700000035577 ], [ 1238152.4972, 630573.817200000048615 ], [ 1239583.383300000103191, 630150.859199999948032 ], [ 1240216.0933, 629064.293500000028871 ], [ 1239259.1645, 626374.593699999968521 ], [ 1243901.1632, 624123.859900000039488 ], [ 1245097.823400000110269, 624126.8506 ], [ 1246455.8602, 625692.766500000027008 ], [ 1248580.3668, 622926.989300000015646 ], [ 1249232.226899999892339, 623004.5333999999566 ], [ 1249871.2778, 621100.504700000048615 ], [ 1250776.5679, 622678.120499999960884 ], [ 1251521.3199, 621734.1616 ], [ 1253812.8717, 621640.7903 ], [ 1258168.1685, 618525.9447 ], [ 1259690.1102, 618365.696299999952316 ], [ 1263371.0774, 614087.238200000021607 ], [ 1262133.1513, 612219.89000000001397 ], [ 1262543.6199, 608295.441899999976158 ], [ 1261001.3396, 607012.197399999946356 ], [ 1255670.280500000109896, 605960.775999999954365 ], [ 1255062.1299, 604471.859500000020489 ], [ 1252620.0793, 607816.4388 ], [ 1250122.8196, 609249.399300000048243 ], [ 1248254.5748, 609313.811899999971502 ], [ 1249134.691399999894202, 606705.714000000036322 ], [ 1246944.1882, 606183.356000000028871 ], [ 1246801.884, 602721.235600000014529 ], [ 1248697.0302, 602610.4388 ], [ 1249042.0361, 601428.567400000058115 ], [ 1252884.7519, 598028.834599999943748 ], [ 1253148.9446, 596837.1224 ], [ 1255845.492400000104681, 597303.112700000056066 ], [ 1257201.0509, 595753.48230000003241 ], [ 1258306.2151, 595633.538500000024214 ], [ 1259552.0974, 592370.496799999964423 ], [ 1258385.9932, 589590.15659999998752 ], [ 1260351.1761, 588443.1923 ], [ 1259586.2615, 586357.748600000049919 ], [ 1265794.5561, 585701.120400000014342 ], [ 1265592.5753, 583563.301100000040606 ], [ 1263916.1872, 582994.614500000025146 ], [ 1262772.3713, 581258.556499999947846 ], [ 1267471.7785, 574449.0834 ], [ 1269476.1232, 575118.346299999975599 ], [ 1270881.8252, 573229.4279 ], [ 1274700.655500000109896, 574034.09699999995064 ], [ 1277587.4512, 573325.15769999998156 ], [ 1278645.3791, 575282.065500000026077 ], [ 1280728.5055, 575638.494599999976344 ], [ 1284312.2267, 571327.734799999976531 ], [ 1285887.0354, 571606.945199999958277 ], [ 1287312.4963, 570791.920099999988452 ], [ 1289185.7682, 572165.870499999960884 ], [ 1289647.8675, 570784.915999999968335 ], [ 1291843.536799999885261, 570133.742899999953806 ], [ 1292602.939, 568271.14359999995213 ], [ 1296195.1136, 567607.5882 ], [ 1296746.4772, 570939.479399999952875 ], [ 1300782.5609, 572872.489500000025146 ], [ 1306245.7409, 572803.740600000019185 ], [ 1307445.7917, 571471.929200000013225 ], [ 1310218.8886, 572304.15769999998156 ], [ 1310804.3184, 571425.371799999964423 ], [ 1310258.4237, 570493.494199999957345 ], [ 1312124.8989, 570001.7659 ], [ 1313678.6905, 568380.738400000031106 ], [ 1315018.9068, 568527.070900000049733 ], [ 1317056.5045, 566263.965399999986403 ], [ 1320135.4122, 566461.1322 ], [ 1318443.3583, 571224.085500000044703 ], [ 1321796.0777, 571437.57570000004489 ], [ 1322566.8061, 571981.6139 ], [ 1322934.9259, 574249.885800000047311 ], [ 1325871.480599999893457, 573789.9608 ], [ 1326229.795300000114366, 580694.37679999996908 ], [ 1328319.4637, 580970.515600000042468 ], [ 1330728.923, 580291.547400000039488 ], [ 1332341.1754, 578785.7291 ], [ 1333384.5975, 579213.738400000031106 ], [ 1335363.4224, 576466.361599999945611 ], [ 1334499.0922, 574095.765200000023469 ], [ 1334811.163, 572537.289800000027753 ], [ 1335452.625900000100955, 572886.693300000042655 ], [ 1335609.4074, 572230.707000000053085 ], [ 1334442.8065, 568912.752100000041537 ], [ 1337512.5299, 565935.755600000033155 ], [ 1337298.6185, 564932.57660000002943 ], [ 1338743.288, 563790.316 ], [ 1339369.9512, 561135.663900000043213 ], [ 1338219.123700000112876, 560435.619799999985844 ], [ 1338161.7244, 556114.373600000049919 ], [ 1336223.4087, 555194.7365 ], [ 1335690.1051, 553857.027200000011362 ], [ 1338937.096700000111014, 550770.6668 ], [ 1342664.5148, 552337.244599999976344 ], [ 1343449.835600000107661, 553840.268700000015087 ], [ 1345204.9216, 550216.623799999943003 ], [ 1350194.7077, 550562.291100000031292 ], [ 1350381.3884, 547868.755699999979697 ], [ 1346706.1136, 545839.8136 ], [ 1346572.121, 543825.0734 ], [ 1344599.139600000111386, 540676.792200000025332 ], [ 1346209.1405, 538604.521300000022165 ], [ 1346754.7762, 535222.812799999956042 ], [ 1349169.778299999888986, 534213.701699999975972 ], [ 1352142.7493, 530119.0464 ], [ 1348620.5225, 526623.789699999964796 ], [ 1348831.0583, 525250.04949999996461 ], [ 1349954.2778, 523209.959299999987707 ], [ 1351315.5937, 523982.29739999998128 ], [ 1352390.9798, 522568.93829999997979 ], [ 1354587.0404, 522405.065200000011828 ], [ 1359173.6177, 518327.4217 ], [ 1359145.1631, 516311.992399999988265 ], [ 1358252.9375, 515464.086000000010245 ], [ 1358602.8002, 514001.797000000020489 ], [ 1354003.0844, 511520.678000000014435 ], [ 1354269.0807, 507683.092599999974482 ], [ 1356561.972800000105053, 506704.128900000010617 ], [ 1356746.0653, 505844.837899999984074 ], [ 1355745.5447, 503721.77970000001369 ], [ 1356352.622, 502197.8763 ], [ 1355587.0049, 500609.465299999981653 ], [ 1355893.180299999890849, 498957.304200000013225 ], [ 1354552.6315, 497910.806900000025053 ], [ 1355576.4502, 496730.278400000010151 ], [ 1358809.807500000111759, 495927.519299999985378 ], [ 1358651.106699999887496, 494966.522600000025705 ], [ 1356185.523100000107661, 493547.2624 ], [ 1357641.3473, 491500.8639 ], [ 1359438.4307, 492266.094800000020768 ], [ 1360333.2315, 491850.825599999981932 ], [ 1361755.7827, 489107.9339 ], [ 1363699.3073, 490273.156000000017229 ], [ 1363831.6737, 486276.065200000011828 ], [ 1365465.813799999887124, 485840.950499999977183 ], [ 1366546.1551, 486661.272999999986496 ], [ 1368144.3723, 485912.897600000025705 ], [ 1369159.0474, 488663.411000000021886 ], [ 1371202.3803, 490559.37400000001071 ], [ 1373930.8769, 489129.03249999997206 ], [ 1377490.1738, 488736.92180000001099 ], [ 1376727.9565, 487893.923100000014529 ], [ 1377072.1684, 484218.628199999977369 ], [ 1375795.0382999998983, 484417.2719 ], [ 1375125.6505, 483576.1007 ], [ 1375360.5454, 480739.1922 ], [ 1374167.9121, 479066.40759999997681 ], [ 1372230.1955, 479469.099999999976717 ], [ 1371995.2875, 477237.4806 ], [ 1373210.183600000105798, 475985.330399999977089 ], [ 1372162.2066, 475051.754599999985658 ], [ 1375516.226899999892339, 471165.674500000022817 ], [ 1374892.294, 469527.973400000017136 ], [ 1372777.0687, 468568.005899999989197 ], [ 1370897.4875, 468977.2958000000217 ], [ 1370336.3788, 467985.630599999974947 ], [ 1367696.7941, 467180.733599999977741 ], [ 1369054.8958, 465689.836300000024494 ], [ 1373355.7874, 464712.9374 ], [ 1373864.6615, 463277.4609 ], [ 1374591.8747, 463331.8432 ], [ 1374719.25, 461774.062800000014249 ], [ 1375769.8699, 461852.15590000001248 ], [ 1371857.3595, 461093.695200000016484 ], [ 1370273.8732, 459369.5477 ], [ 1366377.0057, 460111.4376 ], [ 1365963.8528, 455592.338500000012573 ], [ 1310511.2464, 451636.918799999984913 ], [ 1196092.8, 446596.5992 ] ] ] } },
{ "type": "Feature", "properties": { "id": "WHSE_ADMIN_BOUNDARIES.ADM_NR_REGIONS_SPG.Omineca Natural Resource Region", "REGION_NAME": "Omineca Natural Resource Region", "ORG_UNIT": "ROM", "ORG_UNIT_NAME": "Omineca Natural Resource Region", "FEATURE_CODE": "FM90000010", "FEATURE_NAME": "Natural Resource Region", "OBJECTID": 3643, "SE_ANNO_CAD_DATA": null, "FEATURE_AREA_SQM": 158220114550.082, "FEATURE_LENGTH_M": 4525049.5768 }, "geometry": { "type": "MultiPolygon", "coordinates": [ [ [ [ 1206037.627835845807567, 927414.038497404311784 ], [ 1205277.9013, 925994.843499999959022 ], [ 1202990.2692, 925182.085300000035204 ], [ 1201705.3148, 925948.745400000014342 ], [ 1201621.3665, 923759.810399999958463 ], [ 1200031.328, 924042.726600000052713 ], [ 1198700.965799999888986, 923053.744799999985844 ], [ 1197949.2835, 924575.822700000018813 ], [ 1195732.204699999885634, 925632.228400000021793 ], [ 1195466.6267, 924522.758299999986775 ], [ 1194404.1959, 924163.508200000040233 ], [ 1192934.1917, 924795.845500000054017 ], [ 1190006.9657, 923920.8663 ], [ 1188372.6694, 924376.594599999953061 ], [ 1188256.1879, 925239.984399999957532 ], [ 1183272.6169, 925093.978 ], [ 1180107.1378, 922863.780600000056438 ], [ 1178595.1042, 923192.1962 ], [ 1178500.4783, 922289.751500000013039 ], [ 1177189.3388, 921671.032 ], [ 1173470.4075, 923006.1274 ], [ 1173568.4798, 922340.726400000043213 ], [ 1173206.7806, 922769.093 ], [ 1170978.5251, 921377.717799999983981 ], [ 1170879.6972, 919677.0627 ], [ 1166946.1076, 917788.8458999999566 ], [ 1166346.4441, 936129.902800000039861 ], [ 1160660.2129, 936898.608699999982491 ], [ 1157897.3448, 936481.629300000029616 ], [ 1157842.6162, 938289.517600000021048 ], [ 1154648.7603, 938190.3504 ], [ 1153611.063, 937274.177099999971688 ], [ 1151092.0801, 938184.342399999964982 ], [ 1149351.3117, 937138.505499999970198 ], [ 1148686.937, 938696.114500000025146 ], [ 1145470.4603, 941053.401300000026822 ], [ 1145903.058, 942514.290000000037253 ], [ 1143727.9134, 941759.5575 ], [ 1142326.6636, 942448.05039999994915 ], [ 1141989.1536, 941690.890800000051968 ], [ 1140438.616300000110641, 942911.127499999944121 ], [ 1136999.6594, 943161.913900000043213 ], [ 1134976.4297, 942094.739500000025146 ], [ 1134808.8294, 941242.06070000003092 ], [ 1132565.9254, 941264.471299999975599 ], [ 1132453.4962, 938921.09050000004936 ], [ 1131218.6872, 938759.0198 ], [ 1130077.125199999893084, 937389.609799999976531 ], [ 1127497.2876, 937989.0172 ], [ 1125481.821, 936834.5614 ], [ 1124201.5718, 938217.464099999982864 ], [ 1119140.8422, 937788.928599999984726 ], [ 1117685.3217, 938093.3273 ], [ 1118338.187300000106916, 939116.7661 ], [ 1116995.6883, 939237.639899999951012 ], [ 1117047.5832, 937077.839900000020862 ], [ 1113034.8714, 936981.477700000046752 ], [ 1113167.4739, 931471.400200000032783 ], [ 1110000.033, 930298.647699999972247 ], [ 1109471.5348, 928834.863400000031106 ], [ 1110085.242, 927257.834299999987707 ], [ 1112867.8099, 924618.9643 ], [ 1114492.689900000113994, 924996.235699999961071 ], [ 1115182.4888, 924424.311100000049919 ], [ 1115305.5702, 919301.860600000014529 ], [ 1125739.030500000109896, 919569.336499999975786 ], [ 1126129.9542, 912708.956499999971129 ], [ 1123082.3628, 909404.187200000043958 ], [ 1118404.936599999899045, 908988.510200000018813 ], [ 1117227.653299999888986, 908177.899699999950826 ], [ 1114809.2381, 908570.4401 ], [ 1108340.3124, 903881.658500000019558 ], [ 1102914.638499999884516, 901953.109700000029989 ], [ 1100504.158099999884143, 902158.357100000022911 ], [ 1098130.47, 901275.205500000040047 ], [ 1095981.334500000113621, 901702.2744 ], [ 1088544.6841, 899981.023000000044703 ], [ 1086701.017199999885634, 898438.894500000053085 ], [ 1084338.1599, 897987.855699999956414 ], [ 1082749.633300000103191, 896053.110699999961071 ], [ 1081155.21, 896447.444999999948777 ], [ 1079778.5592, 893223.07750000001397 ], [ 1074521.812300000106916, 889123.583600000012666 ], [ 1032786.991, 888496.156700000050478 ], [ 1023202.038, 878748.575399999972433 ], [ 1015173.8096, 878714.273700000019744 ], [ 1015237.8058, 898557.76 ], [ 1016587.4403, 900787.054499999969266 ], [ 1018450.2263, 901344.503000000026077 ], [ 1018429.0867, 900416.51210000005085 ], [ 1019597.551, 900790.8491 ], [ 1020384.4519, 899615.970500000054017 ], [ 1022808.8184, 901904.505299999960698 ], [ 1024066.5422, 900883.912699999986216 ], [ 1025513.3172, 901599.114300000015646 ], [ 1028034.2466, 904849.081600000034086 ], [ 1028307.4301, 906195.148500000010245 ], [ 1027126.439, 907815.0148 ], [ 1028197.7965, 908648.911399999982677 ], [ 1028814.5016, 910994.877199999988079 ], [ 1031773.7493, 912236.6322 ], [ 1034607.201, 916839.7918 ], [ 1036103.697, 917534.20050000003539 ], [ 1037308.897, 922034.662400000030175 ], [ 1036814.3531, 923543.118800000054762 ], [ 1038205.5951, 923937.101999999955297 ], [ 1039336.9388, 925767.1997 ], [ 1042870.8028, 926708.420099999988452 ], [ 1044187.8071, 929728.6359 ], [ 1045500.2879, 929763.078800000017509 ], [ 1048753.4594, 933704.304699999978766 ], [ 1048897.9831, 934851.513700000010431 ], [ 1049581.7919, 934996.8724 ], [ 1049759.9334, 934107.190300000016578 ], [ 1053635.3362, 935046.996700000017881 ], [ 1054435.0781, 934191.636799999978393 ], [ 1058778.4742, 934033.434699999983422 ], [ 1058707.5806, 939243.909800000023097 ], [ 1057387.0139, 938456.575300000025891 ], [ 1055982.7961, 939429.645400000037625 ], [ 1054727.0636, 939290.385800000047311 ], [ 1054265.3838, 940820.4534 ], [ 1052175.8992000001017, 941741.6263 ], [ 1052468.9074, 946457.102599999983795 ], [ 1050656.0463, 945287.332700000028126 ], [ 1048863.9503, 946402.728400000021793 ], [ 1047173.7977, 945285.677799999946728 ], [ 1045175.6071, 946646.912699999986216 ], [ 1042855.0653, 946765.045099999988452 ], [ 1041725.844, 948128.613200000021607 ], [ 1042579.1881, 949868.916699999943376 ], [ 1040558.387, 950370.391399999964051 ], [ 1038731.1026, 953599.736000000033528 ], [ 1039989.7746, 955940.46840000001248 ], [ 1044035.2962, 955793.527699999976903 ], [ 1044874.6993, 957317.865499999956228 ], [ 1046085.2944, 957517.746999999973923 ], [ 1049234.2294, 956139.772499999962747 ], [ 1053552.2712, 956163.290599999949336 ], [ 1056452.4279, 953819.207799999974668 ], [ 1059447.2477, 954398.838100000051782 ], [ 1060447.4823, 953722.005299999960698 ], [ 1060279.6325, 968357.375 ], [ 1059552.828599999891594, 968559.692700000014156 ], [ 1059406.590400000102818, 970821.919699999969453 ], [ 1056400.95, 973347.834999999962747 ], [ 1057349.3642, 974293.812799999956042 ], [ 1056870.7091, 975088.407299999962561 ], [ 1057786.5625, 976867.12210000003688 ], [ 1060055.2544, 976513.5856 ], [ 1061724.373700000112876, 980100.98120000003837 ], [ 1063981.0248, 981837.689400000032037 ], [ 1063809.9367, 983573.9767 ], [ 1061597.4497, 984545.957500000018626 ], [ 1060257.435, 983840.571899999980815 ], [ 1059734.4231, 985848.9608 ], [ 1055583.8786, 985691.598299999954179 ], [ 1054825.3424, 984337.4155 ], [ 1053348.3513, 984726.318500000052154 ], [ 1050967.2246, 983331.2857 ], [ 1049349.7856, 983997.263700000010431 ], [ 1047916.443, 986911.445100000011735 ], [ 1046513.5523, 987405.772499999962747 ], [ 1045441.0426, 986608.378200000035577 ], [ 1042952.7975, 987744.827700000023469 ], [ 1042732.0149, 1000814.0312 ], [ 1045861.3603, 1002321.6554 ], [ 1046208.2542, 1006738.5883 ], [ 1047048.2948, 1006642.1353 ], [ 1048067.332, 1004378.9037 ], [ 1050754.199500000104308, 1004652.9223 ], [ 1052101.0857, 1003467.6085 ], [ 1056457.571, 1003099.4753 ], [ 1056366.2719, 1010071.5958 ], [ 1057556.7518, 1010886.1831 ], [ 1057460.5628, 1015245.4803 ], [ 1056223.840799999888986, 1016160.4449 ], [ 1056057.1727, 1017670.0875 ], [ 1058918.7459, 1018110.2553 ], [ 1059757.543, 1019215.0698 ], [ 1058397.0773, 1023084.2285 ], [ 1059459.5413, 1023802.1973 ], [ 1061174.4131, 1023363.0271 ], [ 1061917.7828, 1024394.7564 ], [ 1063617.9117, 1024694.8852 ], [ 1063794.408099999884143, 1025761.4578 ], [ 1065980.9966, 1026640.2954 ], [ 1065928.6402, 1031299.0736 ], [ 1062504.2108, 1033231.9835 ], [ 1064841.293800000101328, 1034189.1915 ], [ 1065658.9339, 1033670.0102 ], [ 1066814.516, 1035498.0688 ], [ 1061332.273, 1038286.7183 ], [ 1063550.3024, 1039707.4626 ], [ 1061694.1249, 1040826.2645 ], [ 1061505.4844, 1041809.5602 ], [ 1067860.8886, 1042350.7787 ], [ 1070062.1454, 1044634.1102 ], [ 1070034.6773, 1046652.5444 ], [ 1072071.2792, 1047364.2272 ], [ 1071991.9888, 1049776.1707 ], [ 1073163.7691, 1051102.128899999894202 ], [ 1069886.379999999888241, 1052730.9024 ], [ 1068461.239099999889731, 1051648.6572 ], [ 1065600.933600000105798, 1051151.8293 ], [ 1063549.414000000106171, 1053433.7558 ], [ 1061944.8464, 1053423.9705 ], [ 1061934.870399999897927, 1055037.374099999899045 ], [ 1060330.3108, 1055027.5744 ], [ 1060287.7003, 1058252.1547 ], [ 1052265.15, 1058191.6221 ], [ 1052245.9601, 1060715.5902 ], [ 1047606.4758, 1059830.3802 ], [ 1045892.4242, 1060770.8655 ], [ 1044798.4966, 1060099.6895 ], [ 1043905.5463, 1060918.7049 ], [ 1040433.6983, 1059926.9116 ], [ 1038248.4488, 1061386.1811 ], [ 1036968.6575, 1060022.4734 ], [ 1032845.5218, 1062333.067499999888241 ], [ 1031723.6271, 1060451.281600000103936 ], [ 1032607.5328, 1059711.242799999890849 ], [ 1031497.6052, 1058697.1012 ], [ 1027252.952, 1062613.1425 ], [ 1027098.9859, 1065220.5707 ], [ 1028264.9414, 1065580.3679 ], [ 1028289.7661, 1067385.4636 ], [ 1027291.3546, 1067789.313799999887124 ], [ 1026529.466, 1066760.9548 ], [ 1024572.1191, 1067274.2335 ], [ 1024055.3458, 1068912.0964 ], [ 1025251.7493, 1073582.278299999888986 ], [ 1026474.4287, 1074634.7762 ], [ 1025622.8266, 1075459.4232 ], [ 1026398.1727, 1076217.3807 ], [ 1026175.4532, 1078059.3437 ], [ 1027592.4526, 1078556.1136 ], [ 1029852.6763, 1081603.0781 ], [ 1031317.0523, 1081862.6664 ], [ 1031365.6734, 1082738.0042 ], [ 1032999.0601, 1082708.697300000116229 ], [ 1032963.6703, 1088443.6338 ], [ 1031834.881, 1089330.6065 ], [ 1032586.247, 1089705.819700000109151 ], [ 1031703.799, 1089856.5086 ], [ 1031644.4713, 1092115.4814 ], [ 1029129.6199, 1094629.484299999894574 ], [ 1030268.5707, 1095170.2595 ], [ 1028744.5263, 1095749.143 ], [ 1027775.7743, 1097264.7048 ], [ 1028889.0929, 1097417.513 ], [ 1029194.9835, 1098576.7972 ], [ 1030952.9817, 1098297.169199999887496 ], [ 1032675.2043, 1099183.2145 ], [ 1034811.8629, 1100933.222 ], [ 1033472.5412, 1102319.6869 ], [ 1031958.5174, 1102110.3897 ], [ 1032012.2402, 1104668.1806 ], [ 1029460.2514, 1107206.2063 ], [ 1027370.5165, 1106464.8806 ], [ 1026485.8541, 1108014.6604 ], [ 1022345.9726, 1109303.8199 ], [ 1021232.2783, 1108897.5466 ], [ 1018476.0021, 1114421.410300000105053 ], [ 1015419.6712, 1113689.4824 ], [ 1008318.9452, 1123619.7344 ], [ 1005032.6397, 1124496.7829 ], [ 1004306.8549, 1123515.48 ], [ 1003463.7582, 1123664.6068 ], [ 1002558.4019, 1125656.3901 ], [ 1004486.1773, 1126304.7115 ], [ 1004380.6137, 1126859.1457 ], [ 1002826.1617, 1126654.4749 ], [ 1002380.6207, 1128669.4531 ], [ 998173.243999999947846, 1130206.0506 ], [ 996410.9632, 1129662.0388 ], [ 995674.201299999956973, 1130497.7516 ], [ 995997.619399999966845, 1132597.2896 ], [ 992233.090699999942444, 1133456.531600000103936 ], [ 989870.8173, 1142752.491699999896809 ], [ 983196.730699999956414, 1149641.7604 ], [ 982954.8837, 1150404.9154 ], [ 983728.666300000040792, 1150499.9047 ], [ 985153.506500000017695, 1153044.5603 ], [ 983074.19129999994766, 1153756.1993 ], [ 982043.337000000057742, 1155482.3662 ], [ 980891.288300000014715, 1155087.5107 ], [ 980508.3848, 1156488.2496 ], [ 978332.469000000040978, 1157602.925499999895692 ], [ 978400.74620000005234, 1159521.8512 ], [ 977126.6923, 1160846.5176 ], [ 977753.948199999984354, 1161388.4134 ], [ 977204.260699999984354, 1164518.3006 ], [ 974563.9904, 1166066.6833 ], [ 973909.535299999988638, 1169477.0916 ], [ 975771.15749999997206, 1171817.1287 ], [ 974445.99730000004638, 1173440.0758 ], [ 974461.817799999960698, 1176274.4664 ], [ 969871.049600000027567, 1178976.1502 ], [ 969864.902299999957904, 1182763.5424 ], [ 967016.726799999945797, 1183403.7037 ], [ 966307.636500000022352, 1186144.370000000111759 ], [ 964358.231299999984913, 1184920.1058 ], [ 963140.018999999971129, 1185485.6567 ], [ 958993.191699999966659, 1190424.401800000108778 ], [ 958027.69039999996312, 1189832.2485 ], [ 957310.894100000034086, 1191472.3318 ], [ 952905.89359999995213, 1194350.4594 ], [ 952699.62879999994766, 1198302.438799999887124 ], [ 954018.691899999976158, 1199509.5317 ], [ 950804.109599999967031, 1201110.571199999889359 ], [ 946011.964200000045821, 1205901.66 ], [ 944883.3589, 1211224.8296 ], [ 943378.9423, 1211962.3747 ], [ 942349.028500000014901, 1213953.6808 ], [ 945707.605699999956414, 1217253.2119 ], [ 945093.167299999971874, 1219385.8536 ], [ 943496.910999999963678, 1218828.8306 ], [ 939931.644500000053085, 1221871.063 ], [ 937260.054299999959767, 1222453.8805 ], [ 936666.659899999969639, 1224078.4818 ], [ 935146.823199999984354, 1222596.7308 ], [ 936220.9142, 1216442.7493 ], [ 934375.840100000030361, 1215897.9037 ], [ 932809.301899999962188, 1217977.6985 ], [ 929824.645800000056624, 1219554.039000000106171 ], [ 926387.808500000042841, 1218830.2665 ], [ 924656.01659999997355, 1222723.4445 ], [ 922015.280299999983981, 1224438.1469 ], [ 921893.364599999971688, 1226028.0233 ], [ 919513.088100000051782, 1228005.3148 ], [ 920092.157, 1229699.4175 ], [ 918654.189699999988079, 1231920.0465 ], [ 915697.546100000035949, 1231825.7336 ], [ 912842.323100000037812, 1233957.8732 ], [ 912987.948899999959394, 1235746.9257 ], [ 914300.6089, 1236355.694700000109151 ], [ 914612.6457, 1237436.085 ], [ 913783.326299999956973, 1240220.0192 ], [ 914485.222599999979138, 1241102.3942 ], [ 914182.623799999943003, 1242175.1378 ], [ 912619.639500000048429, 1242741.2577 ], [ 908506.3127, 1242156.0535 ], [ 907050.20519999996759, 1243546.1897 ], [ 907476.852399999974295, 1245808.7786 ], [ 906927.492399999988265, 1246579.0412 ], [ 905815.787400000030175, 1246884.8172 ], [ 902634.286199999973178, 1245653.0059 ], [ 899964.997899999958463, 1246007.4555 ], [ 899022.542400000034831, 1249068.7932 ], [ 897178.66980000003241, 1249610.7155 ], [ 896709.528700000024401, 1248219.9625 ], [ 895416.478299999958836, 1247402.2781 ], [ 893328.809400000027381, 1249335.683999999891967 ], [ 892342.974900000030175, 1247659.028299999888986 ], [ 891500.152, 1247736.3821 ], [ 889720.247699999948964, 1248513.2952 ], [ 889263.439400000032037, 1250608.179199999896809 ], [ 887377.519899999955669, 1250986.2041 ], [ 886884.5821, 1251933.6069 ], [ 884547.638999999966472, 1251179.929199999896809 ], [ 883529.903799999970943, 1250157.8648 ], [ 884539.329900000011548, 1245308.6402 ], [ 883288.661899999948218, 1242318.5226 ], [ 882041.1851, 1241443.3956 ], [ 880069.627800000016578, 1244148.8987 ], [ 879902.427400000044145, 1246742.8816 ], [ 877361.124700000043958, 1249878.4517 ], [ 876446.335399999981746, 1248203.639600000111386 ], [ 873663.249300000024959, 1247293.2478 ], [ 873706.106799999950454, 1246425.347800000105053 ], [ 872602.3591, 1245820.3036 ], [ 870588.62, 1247253.293 ], [ 869670.157200000016019, 1246378.3664 ], [ 870192.988099999958649, 1244959.0306 ], [ 867549.195799999986775, 1245697.3895 ], [ 867353.838299999944866, 1243194.8129 ], [ 868921.002499999944121, 1240572.4184 ], [ 868941.523000000044703, 1238738.2 ], [ 867526.691899999976158, 1237911.5482 ], [ 868009.265800000051968, 1236334.0886 ], [ 867340.314099999959581, 1235392.4354 ], [ 866567.697000000043772, 1235593.084500000113621 ], [ 866543.606000000028871, 1233763.5133 ], [ 863961.981900000013411, 1235699.4825 ], [ 864402.589400000055321, 1236427.3358 ], [ 863300.635299999965355, 1238228.7533 ], [ 862352.731600000057369, 1237809.6187 ], [ 860449.1481, 1240678.976899999892339 ], [ 858021.241799999959767, 1241818.4108 ], [ 857045.796899999957532, 1244011.767 ], [ 857778.50379999994766, 1245897.3074 ], [ 856951.1178, 1246947.2585 ], [ 857696.399899999960326, 1247463.374099999899045 ], [ 857464.476200000033714, 1248608.3113 ], [ 859518.6851, 1248965.1276 ], [ 857939.494300000020303, 1251830.4989 ], [ 862887.409899999969639, 1256354.126299999887124 ], [ 863583.125800000037998, 1259005.374 ], [ 868709.059699999983422, 1258791.7806 ], [ 870742.505499999970198, 1259585.0069 ], [ 869024.317400000058115, 1264199.3163 ], [ 867426.8604, 1264763.1896 ], [ 865637.218100000056438, 1264172.0242000001017 ], [ 863817.349700000020675, 1265822.3146 ], [ 862814.92000000004191, 1265533.7115 ], [ 861212.236200000043027, 1266936.1838 ], [ 859505.694000000017695, 1270518.8807 ], [ 861228.349999999976717, 1271857.0692 ], [ 863462.525000000023283, 1271976.251 ], [ 867241.1411, 1275365.648499999893829 ], [ 867573.257100000046194, 1273643.6233 ], [ 870571.622699999948964, 1270133.6897 ], [ 871860.368000000016764, 1270972.5406 ], [ 873199.4031, 1270673.3394 ], [ 875643.798799999989569, 1274144.7355 ], [ 878340.023999999975786, 1275008.6458 ], [ 878136.323100000037812, 1278902.2638 ], [ 878803.525600000051782, 1280764.9848 ], [ 877972.962599999969825, 1282669.4256 ], [ 880529.215199999976903, 1283335.7606 ], [ 880595.716999999945983, 1284235.9128 ], [ 882144.003200000035577, 1284738.3304 ], [ 887551.242100000032224, 1283049.1934 ], [ 888406.567700000014156, 1284472.2715 ], [ 887070.318399999989197, 1286633.6707 ], [ 884651.742699999944307, 1288309.7923 ], [ 883243.8617, 1293458.9745 ], [ 881741.269199999980628, 1292438.9675 ], [ 877624.194000000017695, 1291641.5089 ], [ 876830.801899999962188, 1293530.8602 ], [ 877593.392100000055507, 1294307.5635 ], [ 876633.459099999978207, 1296394.4312 ], [ 874934.969799999962561, 1296744.3025 ], [ 874220.1568, 1298400.033 ], [ 872362.587900000042282, 1299854.2586 ], [ 870432.011799999978393, 1298781.2643 ], [ 870635.8654, 1297472.2958 ], [ 871568.386700000031851, 1296915.6423 ], [ 870479.176199999987148, 1295513.5955 ], [ 868895.804, 1296694.0753 ], [ 866229.617300000041723, 1297183.4984 ], [ 866047.378900000010617, 1298695.2051 ], [ 867461.890499999979511, 1299782.3588 ], [ 867008.362100000027567, 1301048.8281 ], [ 868818.4229, 1303276.6956 ], [ 868071.164699999964796, 1304942.0094 ], [ 866199.309400000027381, 1305096.0938 ], [ 866272.713299999944866, 1307452.8492 ], [ 865638.261199999949895, 1308111.0375 ], [ 864125.468100000056438, 1306463.9974 ], [ 861356.119399999966845, 1308676.5597 ], [ 860373.4105, 1308130.7225 ], [ 858362.707900000037625, 1309021.2936 ], [ 857323.50089999998454, 1307502.723 ], [ 855063.058399999979883, 1309614.122599999886006 ], [ 852193.755400000023656, 1309893.8705 ], [ 852201.93370000005234, 1311351.1717 ], [ 851341.664100000052713, 1311332.7332 ], [ 849663.973099999944679, 1313348.2097 ], [ 849844.555999999982305, 1315833.7246 ], [ 848002.910099999979138, 1319217.7271 ], [ 845684.000800000037998, 1319727.1715 ], [ 844260.855899999965914, 1321092.7277 ], [ 843295.564200000022538, 1320028.2046 ], [ 841716.801899999962188, 1320355.5388 ], [ 839699.829000000027008, 1323853.121 ], [ 838167.847199999960139, 1323154.0012 ], [ 836529.071, 1323703.2728 ], [ 835794.432799999951385, 1324948.3139 ], [ 836293.226000000024214, 1326382.5843 ], [ 838212.060799999977462, 1327998.1094 ], [ 837395.487100000027567, 1329653.7494 ], [ 837975.987399999983609, 1330582.726500000106171 ], [ 837069.3188, 1331750.1143 ], [ 838014.811299999943003, 1333251.5439 ], [ 835300.752300000051036, 1336817.5356 ], [ 834873.476000000024214, 1341742.4076 ], [ 831051.000299999956042, 1343955.1022 ], [ 831713.902, 1345251.824500000104308 ], [ 835051.420799999963492, 1347453.7183 ], [ 835610.5231, 1352199.6967 ], [ 838269.273000000044703, 1354451.4185 ], [ 838513.70429999998305, 1356248.186599999899045 ], [ 839519.897899999981746, 1356799.0197 ], [ 839824.136900000041351, 1355937.632200000109151 ], [ 842869.047000000020489, 1355015.5844 ], [ 844468.741700000013225, 1352930.5694 ], [ 844923.270800000056624, 1350201.340400000102818 ], [ 844201.991999999969266, 1349321.4571 ], [ 845131.11199999996461, 1348416.305299999890849 ], [ 846227.597700000042096, 1348600.1983 ], [ 846809.413599999970756, 1345176.4161 ], [ 851052.27800000004936, 1343848.9006 ], [ 852285.741400000057183, 1342253.6505 ], [ 855165.070399999967776, 1344417.3472 ], [ 855397.022499999962747, 1348351.6442 ], [ 856354.927299999981187, 1349691.0282 ], [ 857538.563199999975041, 1349504.0086 ], [ 858765.339099999982864, 1351621.4668 ], [ 861414.617899999953806, 1350695.617 ], [ 864693.754900000058115, 1352483.1661 ], [ 865401.90949999995064, 1354952.973 ], [ 868593.7476, 1357157.115 ], [ 869580.194999999948777, 1356099.5932 ], [ 870862.733800000045449, 1357100.558600000105798 ], [ 873209.804099999950267, 1355670.0545 ], [ 873293.926100000040606, 1354107.6787 ], [ 874232.238400000031106, 1353193.343399999896064 ], [ 873413.972700000042096, 1351162.0034 ], [ 874602.79949999996461, 1349707.3671 ], [ 876925.781399999978021, 1349724.594100000103936 ], [ 876510.979799999971874, 1351171.856300000101328 ], [ 877740.04280000005383, 1351835.0992 ], [ 878246.884199999971315, 1353482.303 ], [ 880275.196899999980815, 1350083.5287 ], [ 883295.845800000010058, 1351032.5914 ], [ 886503.1901, 1349644.9671 ], [ 887184.1433, 1351068.802699999883771 ], [ 886593.843100000056438, 1353733.729499999899417 ], [ 882691.807099999976344, 1354287.7751 ], [ 882575.946800000034273, 1356013.6262 ], [ 885355.862700000056066, 1357193.6412 ], [ 885064.133099999977276, 1357873.072300000116229 ], [ 887557.366000000038184, 1361748.4474 ], [ 888666.292000000015832, 1362132.2092 ], [ 888513.666399999987334, 1363558.7015 ], [ 889808.255400000023656, 1365462.2793 ], [ 892063.337700000032783, 1366706.7006 ], [ 892988.488699999987148, 1366404.7488 ], [ 895447.4399, 1368536.0327 ], [ 896889.059, 1367713.2951 ], [ 896922.962599999969825, 1364701.1 ], [ 898626.972100000013597, 1363364.0614 ], [ 898324.268000000040047, 1362556.8879 ], [ 900474.426800000015646, 1359486.8107 ], [ 898785.403799999970943, 1356852.580800000112504 ], [ 898970.753999999957159, 1355979.828200000105426 ], [ 901222.517600000021048, 1355618.8264 ], [ 904265.326899999985471, 1352829.8686 ], [ 905341.885200000018813, 1353044.388499999884516 ], [ 907718.741999999969266, 1354651.0278 ], [ 908411.042299999971874, 1356169.3772 ], [ 909405.327599999960512, 1355719.8804 ], [ 911518.285999999963678, 1359902.5155 ], [ 906867.705399999977089, 1364006.5088 ], [ 908206.1803, 1366503.4833 ], [ 907422.491000000038184, 1367340.5698 ], [ 908649.574000000022352, 1367937.8577 ], [ 909854.116400000057183, 1370330.5482 ], [ 909309.309, 1371490.1597 ], [ 912449.9181, 1374987.6325 ], [ 912729.73340000002645, 1376372.1394 ], [ 911451.9582, 1378316.4282 ], [ 916882.37769999995362, 1381091.6121 ], [ 917810.182999999960884, 1383160.4687 ], [ 921759.035299999988638, 1384103.9602 ], [ 922138.983499999972992, 1386772.1576 ], [ 920554.9288, 1388540.4459 ], [ 920602.009199999971315, 1389470.4816 ], [ 922382.838299999944866, 1390021.6153 ], [ 920752.158999999985099, 1391817.1791 ], [ 921145.845100000035018, 1392512.360399999888614 ], [ 920433.941899999976158, 1393714.1549 ], [ 921152.426199999987148, 1395616.6 ], [ 920335.86289999994915, 1397928.6726 ], [ 921043.271100000012666, 1399810.3587 ], [ 923143.1766, 1399336.5625 ], [ 925441.225699999951757, 1400862.9479 ], [ 927770.633099999977276, 1400984.0344 ], [ 929060.98120000003837, 1402348.1367 ], [ 929937.634300000034273, 1402177.6233 ], [ 932037.335199999972247, 1398303.2273 ], [ 931424.635, 1394513.863700000103563 ], [ 934134.10820000001695, 1392787.6542 ], [ 935838.068699999945238, 1393191.6978 ], [ 936217.113999999943189, 1392043.4418 ], [ 937937.60530000005383, 1391389.9677 ], [ 939784.2082, 1395173.5693 ], [ 941020.506999999983236, 1394262.531600000103936 ], [ 941634.62210000003688, 1395207.001 ], [ 944168.781700000050478, 1394523.8815 ], [ 947180.272, 1397220.7904 ], [ 947811.503400000045076, 1396653.241300000110641 ], [ 950081.2428, 1397198.7077 ], [ 950635.32929999998305, 1398186.1165 ], [ 952510.524100000038743, 1398237.269799999892712 ], [ 953776.808300000033341, 1399457.6998 ], [ 951654.746900000027381, 1402615.6946 ], [ 949158.01390000001993, 1403333.4565 ], [ 948389.0516, 1404778.3251 ], [ 949761.584400000050664, 1410948.0548 ], [ 947704.06519999995362, 1412567.5462 ], [ 944329.475199999986216, 1412862.6236 ], [ 943364.159699999960139, 1418588.1626 ], [ 941815.088699999963865, 1419694.1627 ], [ 943752.033999999985099, 1423396.59 ], [ 948698.603600000031292, 1424133.6266 ], [ 947927.598899999982677, 1426379.9755 ], [ 948433.247699999948964, 1427923.9948 ], [ 946923.952599999960512, 1428934.0724 ], [ 948080.1568, 1430760.1577 ], [ 946554.944000000017695, 1433145.640700000105426 ], [ 946870.424099999945611, 1433702.9379 ], [ 944916.449999999953434, 1434362.9374 ], [ 942602.481099999975413, 1432989.492799999890849 ], [ 941734.927099999971688, 1430413.903299999888986 ], [ 940468.602900000056252, 1429423.4286 ], [ 941069.500299999956042, 1428622.3317 ], [ 940127.477199999964796, 1426543.2007 ], [ 935088.989399999962188, 1425664.5318 ], [ 931937.728400000021793, 1424149.346700000111014 ], [ 925076.3162, 1426850.313 ], [ 925835.822200000053272, 1428540.1413 ], [ 925349.010699999984354, 1429997.3325 ], [ 923184.316899999976158, 1430137.7506 ], [ 923875.9079, 1431111.691000000108033 ], [ 923613.591299999970943, 1432556.056 ], [ 924975.744700000039302, 1434087.926200000103563 ], [ 924609.238699999987148, 1436310.339 ], [ 925537.660000000032596, 1437023.369 ], [ 925259.184699999983422, 1438946.2943 ], [ 923893.1224, 1440178.149599999887869 ], [ 922490.260200000018813, 1440541.8764 ], [ 921815.319299999973737, 1439178.0968 ], [ 919886.974500000011176, 1439344.6819 ], [ 919062.9915, 1436844.4984 ], [ 916356.9039000000339, 1437113.9867 ], [ 913247.6544, 1435398.9752 ], [ 912603.343600000021979, 1437335.8338 ], [ 910823.317000000039116, 1438761.8669 ], [ 911719.73120000003837, 1440652.771 ], [ 907870.9253, 1442572.3569 ], [ 907844.212599999969825, 1443849.017 ], [ 906047.393200000049546, 1445284.6304 ], [ 907122.99910000001546, 1447177.7011 ], [ 909658.849799999967217, 1447455.462 ], [ 912070.837700000032783, 1450173.9051 ], [ 913272.620699999970384, 1454875.784 ], [ 914896.627100000041537, 1455311.7377 ], [ 915105.979900000034831, 1456974.6457 ], [ 917325.592399999964982, 1458285.9997 ], [ 917082.363600000040606, 1459177.036799999885261 ], [ 914650.344599999953061, 1460168.1095 ], [ 912227.772899999981746, 1463006.2506 ], [ 911192.295200000051409, 1462252.8827 ], [ 908975.899699999950826, 1462653.8388 ], [ 908082.255400000023656, 1464981.504600000102073 ], [ 904100.898799999966286, 1463660.7505 ], [ 902368.119399999966845, 1464364.3335 ], [ 900548.4558, 1467712.5016 ], [ 901780.345100000035018, 1469026.070800000103191 ], [ 901651.0281, 1470060.7352 ], [ 902996.2317, 1470754.6453 ], [ 901806.7489, 1471529.432500000111759 ], [ 901959.930199999944307, 1473000.8852 ], [ 901087.184, 1474372.2345 ], [ 901532.9447, 1475373.5508 ], [ 899054.033300000010058, 1476838.1863 ], [ 901594.029499999945983, 1481031.805299999890849 ], [ 906990.956699999980628, 1480307.7888 ], [ 908849.438199999975041, 1477527.1764 ], [ 915412.33019999996759, 1481054.3355 ], [ 917168.564099999959581, 1484362.7574 ], [ 920742.325900000054389, 1486248.9193 ], [ 920681.311100000049919, 1487601.9591 ], [ 923004.87210000003688, 1492019.411 ], [ 922250.308100000023842, 1493514.1134 ], [ 923521.0514, 1495358.3877 ], [ 923756.708100000047125, 1497384.7628 ], [ 925146.23589999997057, 1498872.044199999887496 ], [ 926881.805000000051223, 1499850.7398 ], [ 929765.908799999975599, 1498510.8317 ], [ 929760.352399999974295, 1499459.2715 ], [ 934170.9536, 1504768.824 ], [ 936662.570399999967776, 1506013.1638 ], [ 938519.043799999984913, 1509551.8076 ], [ 939376.448100000037812, 1510082.7966 ], [ 940452.800000000046566, 1509488.9307 ], [ 940612.040799999958836, 1511609.2553 ], [ 942634.709099999978207, 1513476.457299999892712 ], [ 945311.434, 1511317.6042 ], [ 945465.2367, 1512127.7066 ], [ 946870.6949, 1512907.0842 ], [ 948015.757300000055693, 1512494.971 ], [ 948967.3822, 1513442.764600000111386 ], [ 948094.863699999987148, 1513924.751299999887124 ], [ 947453.032299999962561, 1512950.1913 ], [ 944879.094799999962561, 1514996.7781 ], [ 942414.8421, 1515581.2867 ], [ 942439.942700000014156, 1516356.9714 ], [ 944157.558399999979883, 1516802.306399999884889 ], [ 945781.888799999956973, 1518987.3954 ], [ 947280.601099999970756, 1517768.3084 ], [ 949769.220300000044517, 1518874.6573 ], [ 951619.271799999987707, 1516274.2323 ], [ 953569.452799999970011, 1517881.8884 ], [ 953961.007899999967776, 1520437.8198 ], [ 957185.891300000017509, 1520883.2281 ], [ 961694.45140000001993, 1516983.1027 ], [ 965651.636399999959394, 1511340.1284 ], [ 967799.53000000002794, 1512559.687300000106916 ], [ 970390.182900000014342, 1510826.6305 ], [ 971035.989799999981187, 1510879.4223 ], [ 971914.778399999951944, 1513671.241699999896809 ], [ 974588.486200000043027, 1512979.0765 ], [ 975261.205599999986589, 1515095.2512 ], [ 976890.921199999982491, 1514525.9755 ], [ 977114.013700000010431, 1515645.5607 ], [ 980290.928700000047684, 1515484.354100000113249 ], [ 979581.260600000037812, 1513936.4443 ], [ 980824.98030000005383, 1511504.2324 ], [ 980257.199099999968894, 1510359.0015 ], [ 980922.261799999978393, 1508969.0944 ], [ 979427.226999999955297, 1507138.6217 ], [ 979999.171899999957532, 1505815.8708 ], [ 984457.254599999985658, 1506760.8195 ], [ 985746.772099999943748, 1503613.2548 ], [ 986887.737300000037067, 1503494.3989 ], [ 988107.516300000017509, 1500829.3244 ], [ 992055.51879999996163, 1499905.6341 ], [ 992906.4806, 1498799.8818 ], [ 992520.843299999949522, 1497611.4231 ], [ 994456.51, 1497313.8857 ], [ 994619.0161, 1496034.566399999894202 ], [ 997535.640999999945052, 1495723.9076 ], [ 999414.626599999959581, 1496961.459500000113621 ], [ 999762.340699999942444, 1495938.8316 ], [ 1001445.1151, 1495752.4878 ], [ 1002653.9642, 1493964.3946 ], [ 1001204.307, 1492827.4781 ], [ 1003581.885, 1490012.1874 ], [ 1005656.9978, 1491982.9199 ], [ 1008526.4549, 1490930.3987 ], [ 1010900.4646, 1487333.6043 ], [ 1010143.0273, 1485595.7706 ], [ 1012824.4256, 1484940.0759 ], [ 1012325.965, 1481854.956900000106543 ], [ 1013035.7369, 1481489.9932 ], [ 1014931.0798, 1481922.6871 ], [ 1016671.15, 1480396.8487 ], [ 1019806.778, 1480146.499800000106916 ], [ 1020070.4617, 1479315.385 ], [ 1022099.363, 1479836.6168 ], [ 1022316.4839, 1481171.0423 ], [ 1024242.4432, 1480462.327 ], [ 1025959.244, 1482240.6948 ], [ 1029726.8167, 1478482.1646 ], [ 1031842.9689, 1480889.8664 ], [ 1032571.5502, 1483859.0963 ], [ 1034280.4953, 1483124.5326 ], [ 1036691.6463, 1480425.1493 ], [ 1036207.2534, 1480016.2168 ], [ 1037837.9076, 1478441.8634 ], [ 1037855.1341, 1477296.9775 ], [ 1038907.9292, 1476980.9037 ], [ 1039615.463, 1477103.2467 ], [ 1040892.3969, 1479766.8665 ], [ 1041144.5343, 1482696.5375 ], [ 1043961.0323, 1479378.8191 ], [ 1046038.0188, 1478684.8298 ], [ 1044774.1728, 1476245.3507999998983 ], [ 1046414.1766, 1475808.693600000115111 ], [ 1046658.1672, 1474776.6541 ], [ 1049236.0989, 1473834.4786 ], [ 1050317.169, 1472614.8583 ], [ 1054582.027199999894947, 1473031.4811 ], [ 1055209.2028, 1474012.8168 ], [ 1056881.2512, 1473992.8439 ], [ 1057607.531, 1475601.1209 ], [ 1058612.9291, 1475213.3485 ], [ 1059708.6822, 1472739.9596 ], [ 1062878.8671, 1471995.5084 ], [ 1065051.3376, 1472369.0836 ], [ 1066286.1153, 1466032.8126 ], [ 1065868.6188, 1464617.2263 ], [ 1068696.6612, 1462217.3257 ], [ 1066583.1807, 1460857.3057 ], [ 1067002.868899999884889, 1459842.6641 ], [ 1066397.0818, 1458957.6864 ], [ 1067477.6641, 1457310.9877 ], [ 1066016.819700000109151, 1456621.0069 ], [ 1065230.311, 1454605.10260000010021 ], [ 1063407.0826, 1452958.5359 ], [ 1064459.2222, 1449849.0772 ], [ 1062776.0969, 1449171.110000000102445 ], [ 1061585.8608, 1450145.8882 ], [ 1060869.4394, 1449047.5784 ], [ 1062602.468399999896064, 1445335.4204 ], [ 1063633.2438, 1445031.860399999888614 ], [ 1064447.2928, 1443344.2085 ], [ 1063279.8842, 1441232.2188 ], [ 1063649.3152, 1438493.6022 ], [ 1063116.5802, 1437906.6491 ], [ 1066077.8329, 1436630.3415 ], [ 1067665.0436, 1432073.4226 ], [ 1070735.979100000113249, 1431195.4137 ], [ 1072298.7028, 1432006.7686 ], [ 1071338.3943, 1434923.1908 ], [ 1074339.7239, 1435932.8572 ], [ 1075037.5292, 1433299.9074 ], [ 1079378.3228, 1429085.9275 ], [ 1079255.1213, 1427984.2743 ], [ 1077615.6416, 1426462.8498 ], [ 1077553.8693, 1423725.3603 ], [ 1075763.3088, 1420689.817100000102073 ], [ 1076563.867799999890849, 1418669.4308 ], [ 1076953.0492, 1421109.6619 ], [ 1078333.3344, 1419521.1526 ], [ 1081688.4439, 1418624.7271 ], [ 1082287.459, 1416568.292700000107288 ], [ 1079635.8734, 1413825.1266 ], [ 1079494.2278, 1410589.6886 ], [ 1081547.6281, 1410796.2475 ], [ 1083166.5641, 1409512.5263 ], [ 1084125.4087, 1411988.7303 ], [ 1091976.677, 1408343.352999999886379 ], [ 1092502.7226, 1402655.7728 ], [ 1095402.8616, 1400253.3843 ], [ 1095330.7586, 1397084.6186 ], [ 1097094.9648, 1397151.9742 ], [ 1097806.314, 1395083.6336 ], [ 1099967.598, 1393547.4534 ], [ 1101383.6972, 1393780.7775 ], [ 1102327.038, 1392289.759800000116229 ], [ 1101260.3549, 1391354.4387 ], [ 1102264.187300000106916, 1390825.4006 ], [ 1104693.1744, 1390756.9152 ], [ 1106119.7729, 1392205.656600000103936 ], [ 1109412.5953, 1391863.9094 ], [ 1108853.948799999896437, 1386576.5186 ], [ 1112647.8995, 1386041.0901 ], [ 1111680.5122, 1384361.4409 ], [ 1112996.3411, 1383341.3835 ], [ 1112060.7559, 1381050.145899999886751 ], [ 1114036.349299999885261, 1377126.0105 ], [ 1113961.0355, 1375649.7065 ], [ 1114619.5171, 1374613.2415 ], [ 1115590.8416, 1374602.9356 ], [ 1115833.4782, 1372038.1605 ], [ 1115398.9424, 1370924.8386 ], [ 1111479.72, 1369990.9397 ], [ 1109622.7268, 1368719.6726 ], [ 1109609.8391, 1364742.2922 ], [ 1111525.2338, 1363746.889600000111386 ], [ 1111281.1561, 1361982.5364 ], [ 1112513.1353, 1360231.6153 ], [ 1115035.2686, 1358770.8531 ], [ 1114737.2178, 1356911.8477 ], [ 1120430.1402, 1352589.8292 ], [ 1120119.6262, 1351275.7629 ], [ 1121136.5569, 1349964.5914 ], [ 1125112.3769, 1347349.3544 ], [ 1125992.6087, 1344700.3248 ], [ 1125741.7896, 1342396.0585 ], [ 1122684.9442, 1341106.1513 ], [ 1122345.6941, 1337826.921799999894574 ], [ 1124359.5141, 1336808.125 ], [ 1124922.8517, 1337377.9375 ], [ 1125406.0422, 1335890.8513 ], [ 1127551.9764, 1335668.343399999896064 ], [ 1127099.089, 1333592.741300000110641 ], [ 1127856.1956, 1332555.0036 ], [ 1126716.6534, 1331334.9047 ], [ 1128455.093399999896064, 1329351.918099999893457 ], [ 1129586.833000000100583, 1329565.8484 ], [ 1130974.9461, 1328244.6068 ], [ 1131819.343000000109896, 1328934.4615 ], [ 1132643.312699999893084, 1328201.4331 ], [ 1131669.8587, 1324718.1635 ], [ 1130634.0075, 1324470.1353 ], [ 1133112.6344, 1321036.4195 ], [ 1133804.987600000109524, 1317536.0755 ], [ 1135846.2174, 1315890.0556 ], [ 1133791.0637, 1310811.2753 ], [ 1136539.5258, 1307639.4722 ], [ 1137281.5504, 1305241.436599999899045 ], [ 1136291.3251, 1303028.8364 ], [ 1136824.276800000108778, 1301305.8856 ], [ 1138513.3046, 1299330.8406 ], [ 1139939.9339, 1299948.6784 ], [ 1142970.2372, 1297949.3032 ], [ 1142213.9689, 1292721.9087 ], [ 1142701.985399999888614, 1291016.3926 ], [ 1139358.9618, 1290148.7259 ], [ 1138548.4676, 1288606.0536 ], [ 1139816.318600000115111, 1287791.054199999896809 ], [ 1139664.891099999891594, 1286562.838200000114739 ], [ 1141490.1683, 1286383.0202 ], [ 1142450.3327, 1285003.3104 ], [ 1141008.3813, 1282824.3489 ], [ 1142503.7059, 1281269.0364 ], [ 1146366.4406, 1281742.0986 ], [ 1147057.773499999893829, 1282565.293800000101328 ], [ 1147403.5642, 1280313.4116 ], [ 1149250.1839, 1279409.5833 ], [ 1150378.162900000112131, 1277116.4426 ], [ 1150360.8339, 1271737.9938 ], [ 1153422.5023, 1269807.5071 ], [ 1155619.5043, 1275935.8744 ], [ 1156662.7381, 1276802.1443 ], [ 1157379.6233, 1276227.6349 ], [ 1158464.4027, 1278390.1797 ], [ 1159675.8813, 1279018.6417 ], [ 1162737.7224, 1276899.6013 ], [ 1162252.6721, 1274699.2822 ], [ 1164311.7603, 1272941.6102 ], [ 1165494.8277, 1272853.9286 ], [ 1168263.28, 1267448.8713 ], [ 1170484.3813, 1268336.395899999886751 ], [ 1172737.7989, 1271785.7532 ], [ 1172568.554900000104681, 1272947.582 ], [ 1174448.2959, 1273787.0596 ], [ 1175141.1847, 1276607.8262 ], [ 1178225.5964, 1275447.6153 ], [ 1178823.1898, 1273891.5635 ], [ 1179987.8714, 1274818.004600000102073 ], [ 1183270.8161, 1271033.0322 ], [ 1185863.3683, 1271791.9762 ], [ 1187590.8461, 1270873.7855 ], [ 1189802.6937, 1265008.870399999897927 ], [ 1188872.7064, 1262364.3805 ], [ 1191046.6133, 1262697.3241 ], [ 1192070.9084, 1261913.8184 ], [ 1193542.9529, 1258395.6037 ], [ 1196110.143300000112504, 1259957.379999999888241 ], [ 1199727.354100000113249, 1257890.6325 ], [ 1201623.6587, 1254284.5032 ], [ 1201656.3146, 1251899.7728 ], [ 1202759.7843, 1251131.5409 ], [ 1202105.241300000110641, 1249743.030899999896064 ], [ 1204162.642199999885634, 1247655.270500000100583 ], [ 1203746.6898, 1245633.5293 ], [ 1206079.45989999989979, 1243977.856 ], [ 1207715.3432, 1244060.9792 ], [ 1203437.078200000105426, 1239118.1468 ], [ 1200965.707, 1239019.9324 ], [ 1198636.344499999890104, 1235569.8723 ], [ 1199773.1419, 1234320.2993 ], [ 1199349.8401, 1229737.7606 ], [ 1195333.2323, 1227755.1011 ], [ 1192246.0733, 1228214.503500000108033 ], [ 1191034.0711, 1227373.2569 ], [ 1191733.7717, 1226985.3746 ], [ 1191992.4294, 1224181.9941 ], [ 1193495.7409, 1220906.370000000111759 ], [ 1191422.1933, 1218993.7714 ], [ 1191920.707299999892712, 1216328.9352 ], [ 1191319.8843, 1215892.9516 ], [ 1191631.632, 1214460.8992000001017 ], [ 1190746.2603, 1214454.049000000115484 ], [ 1191226.1874, 1209007.319700000109151 ], [ 1190192.1447, 1207858.3537 ], [ 1190758.1946, 1206475.0685 ], [ 1190154.3553, 1205427.6377 ], [ 1191585.1262, 1204121.1392 ], [ 1191570.8463, 1202313.7318 ], [ 1190283.556399999884889, 1201814.4943 ], [ 1192199.7103, 1197924.372599999886006 ], [ 1191622.347, 1196598.3085 ], [ 1194136.194, 1193396.2752 ], [ 1193823.1784, 1191944.5435 ], [ 1196088.535, 1191423.1637 ], [ 1198621.7718, 1189505.7351 ], [ 1197741.6379, 1187837.241 ], [ 1198399.3856, 1186598.2559 ], [ 1196287.1804, 1184967.9027 ], [ 1196103.215, 1183053.0264 ], [ 1191288.3871, 1180633.2699 ], [ 1193133.2271, 1178556.1717 ], [ 1191579.655, 1176495.6402 ], [ 1192694.5174, 1173803.318600000115111 ], [ 1192341.0591, 1172199.1931 ], [ 1191170.6369, 1171255.119 ], [ 1193493.5873, 1167002.8203 ], [ 1189217.1932, 1166896.7152 ], [ 1188827.0373, 1163944.7552 ], [ 1190451.8043, 1162416.4293 ], [ 1189886.6783, 1160128.6388 ], [ 1190451.7631, 1159614.4973 ], [ 1196339.921400000108406, 1162750.312300000106916 ], [ 1197742.5428, 1161741.9083 ], [ 1196931.0471, 1160184.2569 ], [ 1199168.7481, 1159721.2045 ], [ 1199057.8484, 1157776.8219 ], [ 1200922.446, 1158778.1717 ], [ 1202764.997, 1158307.0448 ], [ 1205316.5214, 1156517.6456 ], [ 1205123.4357, 1155488.481699999887496 ], [ 1206115.597099999897182, 1154557.6715 ], [ 1208363.1764, 1154651.334 ], [ 1210203.5556, 1153614.9516 ], [ 1211723.0111, 1154960.5679 ], [ 1212210.356300000101328, 1159111.2978 ], [ 1214471.066000000108033, 1162184.479 ], [ 1215025.8276, 1161984.061599999899045 ], [ 1216704.405899999896064, 1160054.2353 ], [ 1217459.0519, 1157491.025700000114739 ], [ 1220109.5799, 1155766.8798 ], [ 1220622.862999999895692, 1153832.8273 ], [ 1222432.866, 1151934.6992 ], [ 1223938.8047, 1151416.0424 ], [ 1225860.952, 1152129.6974 ], [ 1232956.7351, 1143644.9324 ], [ 1232622.0441, 1142625.867799999890849 ], [ 1235879.8794, 1141681.1242 ], [ 1237077.2389, 1139650.4933 ], [ 1238131.9327, 1139287.1737 ], [ 1236168.1809, 1138596.1508 ], [ 1235233.5137, 1136329.960600000107661 ], [ 1236371.8202, 1134821.889600000111386 ], [ 1235693.1517, 1134175.8174 ], [ 1237525.7396, 1132165.9533 ], [ 1239359.1172, 1133205.1021 ], [ 1242035.4577, 1133131.2807 ], [ 1243475.381, 1128907.1818 ], [ 1245750.7552, 1128302.4006 ], [ 1246438.5826, 1129345.3927 ], [ 1247622.0284, 1129247.7156 ], [ 1250300.8246, 1125668.160300000105053 ], [ 1252459.285699999891222, 1124707.6919 ], [ 1254126.1732, 1121642.416600000113249 ], [ 1256424.6686, 1121048.1347 ], [ 1258564.4278, 1119398.4773 ], [ 1258784.8274, 1117823.5446 ], [ 1260072.301, 1116965.2153 ], [ 1260804.7917, 1114874.7486 ], [ 1263215.9822, 1113739.8237 ], [ 1265265.1875, 1110909.7094 ], [ 1263742.9062, 1108775.0986 ], [ 1264150.1599, 1107598.5672 ], [ 1265157.5182, 1107413.1193 ], [ 1263804.406600000103936, 1105693.6706 ], [ 1264296.349, 1104052.4167 ], [ 1267915.4722, 1103400.1001 ], [ 1270056.6414, 1101550.694700000109151 ], [ 1270213.8273, 1102743.9783 ], [ 1271091.2359, 1102585.173 ], [ 1272549.3425, 1104748.8365 ], [ 1272174.5694, 1106125.509800000116229 ], [ 1273019.4789, 1106899.9872 ], [ 1275133.0742, 1106055.443 ], [ 1277277.6711, 1103699.0596 ], [ 1278422.801, 1103607.725400000112131 ], [ 1278927.9173, 1102265.327499999897555 ], [ 1284394.659599999897182, 1100138.9147 ], [ 1285457.5507, 1098285.918099999893457 ], [ 1286650.366699999896809, 1097822.1187 ], [ 1286812.5839, 1094536.8939 ], [ 1289193.0981, 1093017.0043 ], [ 1288790.3261, 1091351.6284 ], [ 1290570.9456, 1089714.915499999886379 ], [ 1289795.6336, 1086378.4017 ], [ 1287905.3616, 1085110.1635 ], [ 1288379.8534, 1084260.991699999896809 ], [ 1287529.4937, 1083352.5317 ], [ 1287564.5639, 1081463.621100000105798 ], [ 1290297.6879, 1078838.0454 ], [ 1289741.4009, 1078299.6016 ], [ 1290548.3423, 1076692.1885 ], [ 1292741.2959, 1077036.5474 ], [ 1292447.9041, 1076121.7833 ], [ 1293671.9688, 1074511.7588 ], [ 1293420.53, 1071774.5371 ], [ 1294757.3899, 1072788.5916 ], [ 1296160.6074, 1072425.0585 ], [ 1296861.8426, 1068765.242400000104681 ], [ 1299552.3572, 1069597.7196 ], [ 1302186.1447, 1067122.2962 ], [ 1304448.8914, 1067231.6601 ], [ 1305616.5986, 1068513.6079 ], [ 1305145.4617000001017, 1070419.2153 ], [ 1306041.8443, 1071879.008699999889359 ], [ 1306801.2569, 1070782.9572 ], [ 1308371.8546, 1071348.1168 ], [ 1308916.081900000106543, 1070756.6567 ], [ 1309311.8283, 1071831.3958 ], [ 1310543.9489, 1071239.7782 ], [ 1313769.516, 1071888.616 ], [ 1314612.1572, 1070843.8167 ], [ 1313900.5288, 1067674.2512 ], [ 1314988.383699999889359, 1066395.513 ], [ 1314571.5286, 1064053.0354 ], [ 1318344.0523, 1060787.7429 ], [ 1318921.6793, 1062728.4005 ], [ 1321287.5132, 1061196.7593 ], [ 1321516.9868, 1062573.6412 ], [ 1322858.9559, 1063063.781600000103936 ], [ 1325897.4681, 1062956.7639 ], [ 1327294.1959, 1061542.9427 ], [ 1328265.1976, 1061905.0234 ], [ 1331013.763499999884516, 1063148.9491 ], [ 1330738.1108, 1066118.6431 ], [ 1331996.1253, 1065895.8442 ], [ 1334068.1516, 1066904.1271 ], [ 1334685.9846, 1066294.7086 ], [ 1334511.2455, 1064225.915 ], [ 1336119.421799999894574, 1064084.4278 ], [ 1335784.0093, 1060364.3496 ], [ 1337450.808600000105798, 1056842.9478 ], [ 1338725.3762, 1056378.6302 ], [ 1340658.5951, 1057966.6279 ], [ 1344205.5481, 1055646.8152 ], [ 1345925.551599999889731, 1052696.6673 ], [ 1344783.8532, 1051489.293 ], [ 1343388.9036, 1051338.0153 ], [ 1343726.8406, 1049274.6887 ], [ 1344561.7581, 1048725.6502 ], [ 1343631.5863, 1046745.2298 ], [ 1341757.916600000113249, 1045872.3582 ], [ 1345140.2466, 1044106.6551 ], [ 1346808.1112, 1045003.5285 ], [ 1348205.8091, 1044157.4538 ], [ 1348589.6614, 1045466.7626 ], [ 1350836.7695, 1044286.2977 ], [ 1350658.3219, 1043152.6026 ], [ 1352110.668, 1040093.4082 ], [ 1351710.1501, 1038720.2883 ], [ 1353165.6694, 1036558.3673 ], [ 1352188.339, 1032825.5158 ], [ 1355816.245399999897927, 1028538.4803 ], [ 1357452.4386, 1027820.4512 ], [ 1359793.4123, 1028822.5699 ], [ 1362596.781600000103936, 1026638.87 ], [ 1364760.9702, 1027975.6505 ], [ 1366373.7118, 1026882.3969 ], [ 1368549.2257999998983, 1027225.009 ], [ 1369809.8346, 1025938.2835 ], [ 1372676.2886, 1027940.9054 ], [ 1373816.0038, 1027268.6679 ], [ 1377528.6294, 1027632.5276 ], [ 1380561.0831, 1030164.8976 ], [ 1383988.2763, 1030996.6925 ], [ 1386102.0168, 1033941.2891 ], [ 1389156.1401, 1033470.2793 ], [ 1390137.0388, 1036195.9359 ], [ 1393732.6298, 993835.162600000039674 ], [ 1393902.115, 994507.309499999973923 ], [ 1395025.9293, 994077.6901 ], [ 1394898.82, 993192.04929999995511 ], [ 1396600.500199999893084, 991906.058500000042841 ], [ 1401293.9123, 991933.094000000040978 ], [ 1400944.1895, 990754.878999999957159 ], [ 1401701.2336, 990118.8591 ], [ 1400625.7761, 987721.083800000022165 ], [ 1401230.3529, 986597.962999999988824 ], [ 1399886.1222, 985408.667299999971874 ], [ 1400434.2737, 984622.146199999959208 ], [ 1404169.1528, 985375.670200000051409 ], [ 1405039.0476, 984963.587999999988824 ], [ 1404719.7398, 983996.0723 ], [ 1405423.3662, 983184.026300000026822 ], [ 1407934.2124, 984630.542999999946915 ], [ 1410280.069, 981176.483099999953993 ], [ 1412193.6039, 980336.89379999996163 ], [ 1412620.4772, 976953.761500000022352 ], [ 1414181.4601, 975169.127199999988079 ], [ 1412229.4564, 972110.4804 ], [ 1410595.340799999888986, 971938.396500000031665 ], [ 1408722.579, 973312.004700000048615 ], [ 1407682.6864, 973045.6248 ], [ 1406619.1185, 973818.922799999942072 ], [ 1405118.5354, 973231.729599999962375 ], [ 1401421.410699999891222, 974662.412299999967217 ], [ 1400183.1127, 973130.062099999981001 ], [ 1401399.9705, 971141.551300000050105 ], [ 1403172.0351, 970596.222300000023097 ], [ 1402873.9626, 969237.753099999972619 ], [ 1404641.637000000104308, 968717.425599999958649 ], [ 1405230.6865, 967383.348499999963678 ], [ 1402984.8574, 965092.863800000050105 ], [ 1403014.5545, 963002.011000000056811 ], [ 1405262.622, 960981.729700000025332 ], [ 1407313.729499999899417, 963622.880899999989197 ], [ 1407968.1368, 962029.482199999969453 ], [ 1410914.9011, 960907.1178 ], [ 1410431.9672, 959440.160000000032596 ], [ 1412189.8633, 955741.3099 ], [ 1413166.8884, 955140.467900000046939 ], [ 1412699.5851, 954113.086800000048243 ], [ 1415303.6506, 951420.914100000052713 ], [ 1415537.0702, 949826.596800000057556 ], [ 1418198.0969, 949687.475499999942258 ], [ 1419007.2655, 948021.1775 ], [ 1424676.4379, 947665.6849 ], [ 1423738.5793, 950150.020099999965169 ], [ 1427938.2854, 948152.881900000036694 ], [ 1428820.8603, 947994.035900000017136 ], [ 1429576.277900000102818, 949035.648200000054203 ], [ 1434402.289399999892339, 947066.883400000049733 ], [ 1437079.9518, 949174.730100000044331 ], [ 1438258.8463, 948601.3493 ], [ 1440621.0531, 946802.612500000046566 ], [ 1441536.663, 944030.67359999998007 ], [ 1440793.1525, 943415.196800000034273 ], [ 1441768.5776, 942205.458899999968708 ], [ 1442788.0687, 942195.941600000020117 ], [ 1442167.1495, 940638.256399999954738 ], [ 1442750.1774, 939673.242699999944307 ], [ 1445319.0651, 937672.058899999945424 ], [ 1448011.9481, 933451.04680000001099 ], [ 1449197.964699999894947, 930190.934499999973923 ], [ 1448802.902, 929146.944800000055693 ], [ 1450471.8894, 929783.6849 ], [ 1450744.4634, 931437.8948 ], [ 1453387.4464, 930255.026399999973364 ], [ 1456129.3623, 931438.7781 ], [ 1458192.8184, 928174.963499999954365 ], [ 1459968.7834, 929028.493099999963306 ], [ 1461195.4409, 928437.857100000022911 ], [ 1463198.47760000010021, 926973.58129999996163 ], [ 1463490.0047, 924788.61179999995511 ], [ 1464851.4369, 924796.9275 ], [ 1466873.9498, 926912.803399999975227 ], [ 1464585.9032, 928819.171500000054948 ], [ 1466244.6966, 933997.13890000001993 ], [ 1464165.8413, 935268.181800000020303 ], [ 1464100.0001, 936778.103200000012293 ], [ 1466462.1818, 937953.723800000036135 ], [ 1468851.124800000106916, 937870.6226 ], [ 1471342.4387, 935002.986400000052527 ], [ 1474162.2983, 934610.0758 ], [ 1475719.5005, 932735.792499999981374 ], [ 1477131.004600000102073, 933220.898700000019744 ], [ 1477567.1535, 931383.912699999986216 ], [ 1480043.873700000112876, 930502.906300000031479 ], [ 1481166.942499999888241, 927509.810599999967963 ], [ 1484807.1583, 925602.155999999959022 ], [ 1482569.784200000111014, 920968.386000000056811 ], [ 1482407.2415, 917713.027600000030361 ], [ 1483538.8915, 916862.180399999953806 ], [ 1485347.492799999890849, 919460.561899999971502 ], [ 1487293.0987, 918341.940300000016578 ], [ 1487861.6065, 916775.879500000039116 ], [ 1489208.8131, 917989.534800000023097 ], [ 1490505.5815, 917323.360100000048988 ], [ 1490862.6974, 914954.040000000037253 ], [ 1491970.6757, 913476.582000000053085 ], [ 1491326.3372, 913496.314099999959581 ], [ 1491620.629600000102073, 912866.9595 ], [ 1490093.3227, 910963.539499999955297 ], [ 1491994.04010000010021, 908330.665799999958836 ], [ 1494760.9337, 906718.088800000026822 ], [ 1494123.8387, 904949.438199999975041 ], [ 1495313.581199999898672, 903348.608 ], [ 1495046.715400000102818, 900598.3761 ], [ 1497855.965400000102818, 901584.633900000015274 ], [ 1499139.5722, 904028.899899999960326 ], [ 1501108.183600000105798, 902982.440900000045076 ], [ 1502583.110000000102445, 904208.435900000040419 ], [ 1505867.6831, 902407.336499999975786 ], [ 1505363.0273, 900282.630699999979697 ], [ 1506128.646, 898945.215100000030361 ], [ 1510917.5539, 898528.129900000058115 ], [ 1509711.8136, 897783.064999999944121 ], [ 1510269.4113, 895403.99800000002142 ], [ 1508984.0858, 892786.464200000045821 ], [ 1509476.7807, 890115.7789000000339 ], [ 1515941.489099999889731, 886773.528700000024401 ], [ 1515222.2695, 883453.776100000017323 ], [ 1518309.6265, 881939.316800000029616 ], [ 1519417.8242, 880415.489599999971688 ], [ 1518947.9775, 877649.745499999960884 ], [ 1517559.1621, 877817.944800000055693 ], [ 1516870.4771, 875948.5135 ], [ 1515504.604100000113249, 875220.3077 ], [ 1515534.9618, 872944.803700000047684 ], [ 1517206.6818, 872117.853699999977835 ], [ 1517867.7992, 869023.914100000052713 ], [ 1521852.0668, 867963.789600000018254 ], [ 1520908.585999999893829, 865053.657299999962561 ], [ 1523166.14739999989979, 861355.397499999962747 ], [ 1525336.3291, 859737.4079 ], [ 1527532.392199999885634, 860076.680399999953806 ], [ 1528139.339, 858844.700300000025891 ], [ 1527957.8582, 857865.705100000021048 ], [ 1524674.7273, 855534.10930000001099 ], [ 1524585.492, 854720.3001 ], [ 1525856.5876, 852617.869399999966845 ], [ 1525771.5384, 850327.7121 ], [ 1527487.2474, 849713.075100000016391 ], [ 1527519.3129, 848157.194400000036694 ], [ 1526107.5655, 847233.492300000041723 ], [ 1525641.9995, 844015.2008 ], [ 1522776.3298, 841816.7633 ], [ 1525396.1306, 837380.217599999974482 ], [ 1525501.3144, 835797.2964 ], [ 1526667.9302, 835311.221400000038557 ], [ 1526406.3718, 834354.308300000033341 ], [ 1524014.823, 833014.734500000020489 ], [ 1523157.5874, 831495.8935 ], [ 1523589.185099999886006, 829599.7524 ], [ 1521561.1575, 826879.563199999975041 ], [ 1520131.8224, 827743.854900000034831 ], [ 1513649.7088, 826432.462500000023283 ], [ 1513762.6403, 825377.792400000034831 ], [ 1511000.3736, 825071.2648 ], [ 1510945.608, 823842.981799999950454 ], [ 1509779.6608, 823233.504399999976158 ], [ 1504380.5253, 824158.529300000052899 ], [ 1502442.3233, 822980.13800000003539 ], [ 1501787.125, 821126.5991 ], [ 1499892.0626, 820465.994399999966845 ], [ 1499013.5395, 818948.343699999968521 ], [ 1498001.1662, 820743.507499999948777 ], [ 1495952.8185, 819662.558199999970384 ], [ 1493919.1329, 822267.612399999983609 ], [ 1490297.3058, 821370.9536 ], [ 1486806.1594, 824522.278599999961443 ], [ 1487778.633, 825817.028399999951944 ], [ 1487432.2612, 827188.386199999949895 ], [ 1483380.7293, 827422.244700000039302 ], [ 1484083.4681, 829978.799800000037067 ], [ 1486539.4052, 831853.5945 ], [ 1486784.8548, 833310.458600000012666 ], [ 1490077.0883, 835589.809400000027381 ], [ 1486013.7529, 838394.473499999963678 ], [ 1480694.2851, 839454.917600000044331 ], [ 1479174.5444, 842080.479900000034831 ], [ 1479590.7046, 847241.6546 ], [ 1477995.0175, 848705.958499999949709 ], [ 1478310.293800000101328, 850926.637299999943934 ], [ 1481548.4608, 854112.848299999954179 ], [ 1481095.4638, 855528.4105 ], [ 1479639.4035, 856590.846299999975599 ], [ 1478820.9472, 860447.694600000046194 ], [ 1477197.4249, 861419.078300000051968 ], [ 1477707.870000000111759, 863741.597900000051595 ], [ 1473292.5084, 865118.1605 ], [ 1472189.3057, 866879.3774 ], [ 1471240.7736, 865715.666899999952875 ], [ 1470194.6185, 865920.891500000027008 ], [ 1468471.2944, 870104.004300000029616 ], [ 1464524.9247, 874197.114399999962188 ], [ 1462334.5337, 873270.358499999972992 ], [ 1459679.0646, 869983.239599999971688 ], [ 1459441.6251, 865401.791199999977835 ], [ 1457513.403299999888986, 865923.110800000024028 ], [ 1453872.5909, 864660.092700000037439 ], [ 1452446.9423, 865232.299800000037067 ], [ 1448783.496100000105798, 862968.183599999989383 ], [ 1446881.1338, 866081.5085 ], [ 1447531.9801, 866863.953300000051968 ], [ 1447364.9622, 870582.0954 ], [ 1444027.8669, 869340.491599999950267 ], [ 1443376.1344, 868081.351799999945797 ], [ 1442245.5654, 868023.361599999945611 ], [ 1440705.9649, 869480.213100000051782 ], [ 1438252.183600000105798, 867109.525400000042282 ], [ 1436553.1976, 866596.122199999983422 ], [ 1435291.9755, 870459.910200000042096 ], [ 1433069.149, 868828.980800000019372 ], [ 1430423.1791, 871836.412499999976717 ], [ 1429852.4818, 874524.132499999948777 ], [ 1426534.1058, 873528.069200000027195 ], [ 1423896.9376, 870719.437999999965541 ], [ 1421356.1952, 871236.5453 ], [ 1420107.8163, 868537.623600000049919 ], [ 1417194.002400000113994, 869604.020400000037625 ], [ 1414790.7223, 871666.57640000001993 ], [ 1412997.1114, 870959.232700000051409 ], [ 1411398.8958, 873621.109199999948032 ], [ 1410257.6234, 873707.167299999971874 ], [ 1409979.4222, 874481.5686 ], [ 1408052.262000000104308, 874451.850899999961257 ], [ 1407141.7653, 873496.376200000056997 ], [ 1406431.3337, 873979.778999999980442 ], [ 1405942.8814, 875779.566 ], [ 1402837.5406, 877600.2942 ], [ 1400358.4898, 884449.887600000016391 ], [ 1396517.4925, 886615.074799999943934 ], [ 1395194.3026, 889302.4181 ], [ 1393203.2012, 890457.6163 ], [ 1390850.6318, 893952.244599999976344 ], [ 1390982.0092, 895969.958899999968708 ], [ 1389485.5341, 895495.618499999982305 ], [ 1388318.7718, 896512.981600000057369 ], [ 1386630.0844, 894665.961400000029244 ], [ 1384363.2748, 895456.936499999952503 ], [ 1382145.7962, 894601.9545 ], [ 1379737.108900000108406, 894853.809200000017881 ], [ 1376586.7863, 898907.067799999960698 ], [ 1373635.8, 897986.3345 ], [ 1371712.666600000113249, 901841.841999999945983 ], [ 1368722.1057, 901506.999399999971502 ], [ 1367545.7072, 900545.020999999949709 ], [ 1365360.672899999888614, 901028.456 ], [ 1364456.790499999886379, 902484.498999999952503 ], [ 1363304.1659, 902707.558199999970384 ], [ 1358552.3335, 900760.12230000004638 ], [ 1353740.8182, 902890.484500000020489 ], [ 1353029.443, 904525.8824 ], [ 1353355.2577, 905983.769199999980628 ], [ 1351513.0003, 908851.3003 ], [ 1352861.3104, 909508.990800000028685 ], [ 1353118.3484, 910499.349599999957718 ], [ 1349969.6971, 912502.579000000027008 ], [ 1347244.688, 916106.495400000014342 ], [ 1349455.0876, 917954.820100000011735 ], [ 1349949.2765, 919399.872800000011921 ], [ 1346229.313400000100955, 921200.350800000014715 ], [ 1344325.0495, 921084.14249999995809 ], [ 1342465.0123, 925386.517800000030547 ], [ 1340431.2515, 925565.9107 ], [ 1335967.0419, 931198.853600000031292 ], [ 1333831.1933, 930800.906500000040978 ], [ 1333611.8173, 933846.499599999981001 ], [ 1331039.8999, 936290.519500000053085 ], [ 1331860.5435, 940658.152600000030361 ], [ 1330743.375199999893084, 943428.848800000036135 ], [ 1331329.3564, 945115.924400000018068 ], [ 1330504.3299, 947363.230499999946915 ], [ 1329786.348199999891222, 947411.022899999981746 ], [ 1328107.579699999885634, 945245.0416 ], [ 1328333.976500000106171, 943780.257300000055693 ], [ 1325898.7575, 942724.314000000013039 ], [ 1324110.6023, 943582.7805 ], [ 1323964.2664, 939765.577000000048429 ], [ 1322346.289399999892339, 939502.893700000015087 ], [ 1321442.2715, 937841.748799999943003 ], [ 1319150.465, 936302.061699999962002 ], [ 1318368.5101, 936770.673700000043027 ], [ 1304640.656, 935496.2931 ], [ 1305192.159599999897182, 934218.411500000045635 ], [ 1291112.7071, 933463.527200000011362 ], [ 1289826.8666, 932094.120099999941885 ], [ 1287153.6095, 933026.48230000003241 ], [ 1285286.9694, 931344.179699999978766 ], [ 1283522.7733, 931122.69039999996312 ], [ 1281653.0425, 926515.287200000020675 ], [ 1280238.8882, 927170.89179999998305 ], [ 1278123.5754, 930348.487700000056066 ], [ 1279863.7637, 932703.642600000021048 ], [ 1278860.5847, 934199.00179999996908 ], [ 1275232.4289, 935533.56050000002142 ], [ 1273781.545300000114366, 934170.029699999955483 ], [ 1272477.5519, 929447.712500000023283 ], [ 1269488.6991, 928768.007499999948777 ], [ 1268979.8591, 932341.996000000042841 ], [ 1270132.3494, 933537.272400000016205 ], [ 1269569.0226, 934523.181600000010803 ], [ 1270002.448799999896437, 938093.735699999961071 ], [ 1268786.0195, 941908.152299999957904 ], [ 1268139.7081, 942687.499599999981001 ], [ 1262884.3473, 943197.56629999994766 ], [ 1262973.231699999887496, 941586.2892 ], [ 1261370.2545, 941497.878200000035577 ], [ 1261046.9257, 938246.70070000004489 ], [ 1261725.517199999885634, 930672.053500000038184 ], [ 1263046.207, 929194.062200000043958 ], [ 1260811.9607, 929004.2731 ], [ 1260874.544, 927869.467700000037439 ], [ 1260094.5814, 927671.4573 ], [ 1260614.2814, 926654.591000000014901 ], [ 1259506.5291, 923094.267600000021048 ], [ 1259892.9586, 922275.526100000017323 ], [ 1258931.933999999891967, 920897.670399999944493 ], [ 1257113.9785, 920739.158199999947101 ], [ 1252625.7689, 918014.0002 ], [ 1249673.808999999891967, 918192.797200000029989 ], [ 1248577.9877, 915545.45519999996759 ], [ 1247290.5876, 914489.013599999947473 ], [ 1246371.187300000106916, 914736.051800000015646 ], [ 1245843.0859, 913345.473400000017136 ], [ 1241647.121499999891967, 915812.2977 ], [ 1243341.785699999891222, 914038.102700000046752 ], [ 1241289.8025, 914554.559699999983422 ], [ 1241459.4478, 911059.51659999997355 ], [ 1238911.031999999890104, 912182.879300000029616 ], [ 1236959.2837, 911527.864700000034645 ], [ 1236375.4592, 910412.973099999944679 ], [ 1236321.703200000105426, 911113.337999999988824 ], [ 1234220.178, 911279.089200000045821 ], [ 1233352.818600000115111, 913261.896599999978207 ], [ 1232220.9195, 911694.112399999983609 ], [ 1228761.1145, 910400.940500000026077 ], [ 1226278.2984, 906776.305399999953806 ], [ 1223946.6735, 908021.706600000034086 ], [ 1225950.8529, 908121.721800000057556 ], [ 1225890.5692, 909330.2210999999661 ], [ 1227493.9052, 909410.2354 ], [ 1227413.5216, 911021.573500000056811 ], [ 1230579.9648, 911987.276300000026822 ], [ 1230415.3388, 915223.474900000030175 ], [ 1227210.1843, 915079.175200000056066 ], [ 1227131.5864, 916694.51859999995213 ], [ 1223951.138499999884516, 916526.611900000018068 ], [ 1224036.9747, 914498.038399999961257 ], [ 1223222.0938, 914459.652299999957904 ], [ 1222419.2956, 914844.701299999956973 ], [ 1222301.6586, 917249.357700000051409 ], [ 1218218.7862, 917058.883400000049733 ], [ 1217841.6228, 925144.831499999971129 ], [ 1220099.3153, 925250.145499999984168 ], [ 1219595.9722, 936168.934499999973923 ], [ 1218207.3631, 936330.886500000022352 ], [ 1217312.4613, 935414.539800000027753 ], [ 1214788.8605, 935866.670399999944493 ], [ 1214567.7163, 940608.3885 ], [ 1205911.5824, 940222.067700000014156 ], [ 1205979.9646, 938610.145200000028126 ], [ 1204376.0518, 938542.126200000056997 ], [ 1204421.766, 936927.631000000052154 ], [ 1202818.1611, 936860.046300000045449 ], [ 1202990.8209, 932028.995800000033341 ], [ 1201828.0683, 931979.921699999948032 ], [ 1202022.2504, 927547.26969999994617 ], [ 1206037.627835845807567, 927414.038497404311784 ] ] ], [ [ [ 1206330.343169500818476, 927404.326131245936267 ], [ 1207639.9246, 927360.8739 ], [ 1206783.251, 926507.4057 ], [ 1206330.343169500818476, 927404.326131245936267 ] ] ] ] } },
{ "type": "Feature", "properties": { "id": "WHSE_ADMIN_BOUNDARIES.ADM_NR_REGIONS_SPG.Kootenay-Boundary Natural Resource Region", "REGION_NAME": "Kootenay-Boundary Natural Resource Region", "ORG_UNIT": "RKB", "ORG_UNIT_NAME": "Kootenay-Boundary Natural Resource Region", "FEATURE_CODE": "FM90000010", "FEATURE_NAME": "Natural Resource Region", "OBJECTID": 3644, "SE_ANNO_CAD_DATA": null, "FEATURE_AREA_SQM": 82339721316.066803, "FEATURE_LENGTH_M": 1918540.2282 }, "geometry": { "type": "Polygon", "coordinates": [ [ [ 1493919.1329, 822267.612399999983609 ], [ 1495952.8185, 819662.558199999970384 ], [ 1498001.1662, 820743.507499999948777 ], [ 1499013.5395, 818948.343699999968521 ], [ 1499892.0626, 820465.994399999966845 ], [ 1501787.125, 821126.5991 ], [ 1502442.3233, 822980.13800000003539 ], [ 1504380.5253, 824158.529300000052899 ], [ 1509779.6608, 823233.504399999976158 ], [ 1510945.608, 823842.981799999950454 ], [ 1511000.3736, 825071.2648 ], [ 1513762.6403, 825377.792400000034831 ], [ 1513649.7088, 826432.462500000023283 ], [ 1519542.9945, 827707.884399999980815 ], [ 1521685.7083, 826947.303700000047684 ], [ 1523589.185099999886006, 829599.7524 ], [ 1523157.5874, 831495.8935 ], [ 1524014.823, 833014.734500000020489 ], [ 1526406.3718, 834354.308300000033341 ], [ 1526667.9302, 835311.221400000038557 ], [ 1525501.3144, 835797.2964 ], [ 1525396.1306, 837380.217599999974482 ], [ 1524340.8073, 838194.523000000044703 ], [ 1522786.349299999885261, 841864.5246 ], [ 1525935.0336, 844424.437400000053458 ], [ 1526420.6715, 847548.2866 ], [ 1529934.5543, 847238.62320000003092 ], [ 1530633.8014, 849420.441899999976158 ], [ 1532725.1643, 849676.174600000027567 ], [ 1532749.5032, 851441.102599999983795 ], [ 1539446.3375, 851260.368999999947846 ], [ 1538451.5482, 853210.530400000046939 ], [ 1539584.7702, 853951.277499999967404 ], [ 1539486.298, 855767.1539000000339 ], [ 1537482.1247, 857465.752300000051036 ], [ 1540244.8301, 858127.2195 ], [ 1539601.6971, 859660.409699999960139 ], [ 1541565.4379, 862609.555999999982305 ], [ 1543979.710999999893829, 858895.994500000029802 ], [ 1545929.0476, 857479.353800000040792 ], [ 1547263.1525, 857588.415400000056252 ], [ 1547438.1164, 856482.982899999944493 ], [ 1549128.625199999893084, 855608.45319999998901 ], [ 1551919.0503, 854405.407400000025518 ], [ 1552907.7136, 855119.224599999957718 ], [ 1555615.268699999898672, 854319.261700000031851 ], [ 1558005.0382, 855156.286100000026636 ], [ 1561051.219499999890104, 852806.895400000037625 ], [ 1560711.4904, 851857.5819 ], [ 1562700.8583, 849230.217799999983981 ], [ 1560586.6221, 847512.125099999946542 ], [ 1560014.1594, 844681.478299999958836 ], [ 1558442.5883, 844581.112700000056066 ], [ 1557627.9183, 841624.164800000027753 ], [ 1555521.635900000110269, 841016.990600000019185 ], [ 1554331.4697, 838942.552099999971688 ], [ 1556607.0449, 835709.060599999967963 ], [ 1556979.8819, 833616.443300000042655 ], [ 1561780.6839, 831975.090399999986403 ], [ 1562967.6537, 830370.101999999955297 ], [ 1567622.0012, 832124.585500000044703 ], [ 1568191.5057, 830614.671199999982491 ], [ 1570939.973, 828730.786100000026636 ], [ 1571882.4417, 826553.213499999954365 ], [ 1574582.5422, 825048.106299999984913 ], [ 1575644.8183, 825115.8578 ], [ 1575246.6595, 826162.339900000020862 ], [ 1577523.5769, 826870.023999999975786 ], [ 1578513.5088, 828867.5786 ], [ 1579368.1272, 827895.933300000033341 ], [ 1581268.7895, 827539.437099999981001 ], [ 1583274.2261, 828210.10750000004191 ], [ 1586031.5327, 827461.70629999996163 ], [ 1586905.8346, 828411.207999999984168 ], [ 1587626.4196, 827617.633299999986775 ], [ 1590371.7271, 828189.185000000055879 ], [ 1590290.835, 829101.921899999957532 ], [ 1591139.5212, 829425.7768 ], [ 1591213.731, 833730.375299999956042 ], [ 1592208.9428, 831594.7437 ], [ 1594052.6909, 830833.644300000043586 ], [ 1593780.7725, 828298.764500000048429 ], [ 1594619.0662, 826804.877199999988079 ], [ 1593456.065, 821324.420399999944493 ], [ 1596207.0662, 819559.6936 ], [ 1597252.3772, 817835.586400000029244 ], [ 1598836.632, 818235.4377 ], [ 1600316.8194, 817099.793599999975413 ], [ 1598995.6269, 814895.89179999998305 ], [ 1601782.4724, 812961.285799999954179 ], [ 1602225.5892, 811614.89379999996163 ], [ 1605516.0804, 811439.2269 ], [ 1607555.5621, 809826.8676 ], [ 1608826.5784, 810036.635600000037812 ], [ 1609585.4064, 808335.819499999983236 ], [ 1615477.2008, 803484.083899999968708 ], [ 1614919.509, 799369.799400000018068 ], [ 1617101.7352, 797474.701 ], [ 1618910.0159, 797621.333300000056624 ], [ 1618527.4639, 794925.386199999949895 ], [ 1620778.5905, 792892.098400000017136 ], [ 1620251.0855, 789323.058500000042841 ], [ 1623972.6172, 786277.618400000035763 ], [ 1624693.699899999890476, 784200.817400000058115 ], [ 1626370.0055, 783657.305199999944307 ], [ 1629258.5614, 784786.097599999979138 ], [ 1632412.1213, 784753.297999999951571 ], [ 1632907.1197, 786579.256799999973737 ], [ 1631220.0355, 788248.552799999946728 ], [ 1635097.2198, 796329.249199999962002 ], [ 1637459.0663, 795946.406899999943562 ], [ 1639691.9474, 797914.212500000023283 ], [ 1641266.7321, 797092.2293 ], [ 1642594.006, 795211.662299999967217 ], [ 1642583.644, 791493.331600000034086 ], [ 1643548.013, 791234.364900000044145 ], [ 1644548.034, 789008.255899999989197 ], [ 1647629.874800000106916, 787724.678199999965727 ], [ 1648163.5253, 786014.5895 ], [ 1647591.5831, 785525.293399999965914 ], [ 1648311.169, 784843.382499999948777 ], [ 1647754.014, 781844.8874 ], [ 1650450.9586, 780047.98499999998603 ], [ 1652322.4286, 780138.288599999970756 ], [ 1655652.8033, 777837.1973 ], [ 1655312.6212, 776845.053300000028685 ], [ 1657557.0927, 775403.29500000004191 ], [ 1657103.5457, 774620.1997 ], [ 1658139.911799999885261, 772383.672600000048988 ], [ 1662677.2468, 770937.750800000037998 ], [ 1663330.432899999897927, 771444.523000000044703 ], [ 1664195.9161, 769623.021100000012666 ], [ 1663810.3555, 766454.616099999984726 ], [ 1666560.2719, 763086.243400000035763 ], [ 1672118.6887, 762076.084799999953248 ], [ 1671867.4249, 758779.845699999947101 ], [ 1672990.5361, 756719.122800000011921 ], [ 1671350.4535, 753943.644500000053085 ], [ 1672698.3051, 752017.112399999983609 ], [ 1673957.501299999887124, 751723.858800000045449 ], [ 1673476.2293, 749538.068699999945238 ], [ 1675421.5074, 746378.171100000035949 ], [ 1679149.0684, 744759.747199999983422 ], [ 1680672.677699999883771, 745839.966800000052899 ], [ 1683000.9378, 745745.4277 ], [ 1684056.2166, 742165.547099999967031 ], [ 1690410.4404, 741346.7805 ], [ 1691893.5608, 739187.056699999957345 ], [ 1694858.0995, 738938.229799999971874 ], [ 1695818.972800000105053, 735994.460399999981746 ], [ 1694442.624800000106916, 734926.057200000039302 ], [ 1693732.808999999891967, 732905.210500000044703 ], [ 1696004.0447, 731650.7648 ], [ 1696243.0045, 728351.872500000055879 ], [ 1699225.2097, 728243.242500000051223 ], [ 1700872.590799999888986, 725923.125 ], [ 1701875.85260000010021, 725965.976499999989755 ], [ 1703476.8152, 724556.1287 ], [ 1704180.820099999895319, 724685.2611 ], [ 1704287.9464, 725823.253099999972619 ], [ 1705265.591900000115857, 725091.694200000027195 ], [ 1706583.83, 725765.688899999950081 ], [ 1707400.671, 724599.232100000022911 ], [ 1708108.8746, 725049.304600000032224 ], [ 1708554.4273, 724475.4708999999566 ], [ 1710449.1453, 725862.594000000040978 ], [ 1711423.939, 724160.767 ], [ 1713305.317499999888241, 724089.659899999969639 ], [ 1714739.271, 725209.3491 ], [ 1713694.814900000113994, 723099.4756 ], [ 1714288.8096, 721205.1936 ], [ 1718128.9931, 719157.934099999954924 ], [ 1719714.895899999886751, 720675.896700000041164 ], [ 1721415.4448, 717982.309200000017881 ], [ 1723215.0089, 717855.233699999982491 ], [ 1726808.8372, 713975.716699999989942 ], [ 1726838.421799999894574, 712763.8162 ], [ 1727785.8658, 712037.636799999978393 ], [ 1727141.811, 710368.715899999951944 ], [ 1729546.7142, 709238.868800000054762 ], [ 1731050.7615, 707339.2833999999566 ], [ 1728930.091, 706866.055199999944307 ], [ 1725286.731300000101328, 704156.756399999954738 ], [ 1726219.1865, 700638.0024 ], [ 1727579.2556, 700051.140200000023469 ], [ 1728668.2604, 701513.5427 ], [ 1730967.2856, 701224.519199999980628 ], [ 1731458.1826, 701801.53159999998752 ], [ 1732614.1267, 697284.077200000057928 ], [ 1735623.139999999897555, 695397.6899 ], [ 1736988.1458, 695915.70250000001397 ], [ 1738516.2556, 694445.1579 ], [ 1738847.454, 692839.498799999943003 ], [ 1741970.58489999989979, 693389.331 ], [ 1744018.7528, 691208.825199999962933 ], [ 1744145.2004, 688789.913500000024214 ], [ 1746871.9332, 688403.458800000022165 ], [ 1748256.3385, 690571.405200000037439 ], [ 1751063.8588, 691219.9902 ], [ 1755118.7511, 683175.625800000037998 ], [ 1754341.1561, 682003.7047 ], [ 1752632.145500000100583, 681744.64249999995809 ], [ 1752834.8861, 680660.01859999995213 ], [ 1753874.5921, 680438.660999999963678 ], [ 1754219.753500000108033, 679116.886900000041351 ], [ 1755697.3483, 677990.779499999945983 ], [ 1758489.3128, 677116.7291 ], [ 1759821.6276, 672500.502300000051036 ], [ 1761595.824500000104308, 670789.961099999956787 ], [ 1763095.3496, 672272.661300000036135 ], [ 1762566.2222, 673948.470800000010058 ], [ 1764576.31, 676245.551499999943189 ], [ 1767306.7103, 676343.999399999971502 ], [ 1770238.0155, 678564.269300000043586 ], [ 1771881.5792, 677132.6398 ], [ 1774267.6439, 678855.917000000015832 ], [ 1774732.8669, 677340.3016 ], [ 1783853.6366, 665430.76410000002943 ], [ 1785772.170300000114366, 664129.483499999972992 ], [ 1786568.7696, 664645.992300000041723 ], [ 1787870.4334, 663181.23699999996461 ], [ 1788258.1928, 659907.655299999983981 ], [ 1790914.6148, 660168.908999999985099 ], [ 1792000.3977, 657722.739399999962188 ], [ 1793999.124099999899045, 656682.050500000012107 ], [ 1795502.8535, 656957.087900000042282 ], [ 1795757.417700000107288, 655995.8922 ], [ 1793916.9598, 653517.794600000022911 ], [ 1795287.6919, 652176.586699999985285 ], [ 1795631.6394, 650430.596600000048056 ], [ 1797650.1313, 650237.3371 ], [ 1798204.5466, 647768.99910000001546 ], [ 1797336.4437, 644954.484799999976531 ], [ 1801570.4446, 638828.733299999963492 ], [ 1802132.6572, 631226.495800000033341 ], [ 1804716.2151, 628689.1568 ], [ 1805965.1519, 626241.402200000011362 ], [ 1808049.9073, 625674.292499999981374 ], [ 1807489.304199999896809, 623846.633400000049733 ], [ 1809112.3851, 622066.29929999995511 ], [ 1808956.5573, 618966.6178 ], [ 1810200.9588, 618175.592399999964982 ], [ 1810595.1627, 616244.572000000043772 ], [ 1810467.7952, 615307.5958999999566 ], [ 1808533.324, 614778.629199999966659 ], [ 1808176.2971, 612003.283500000019558 ], [ 1809122.5659, 607027.099500000011176 ], [ 1814065.3376, 599978.47199999995064 ], [ 1813682.16, 598805.849000000045635 ], [ 1815065.418099999893457, 595395.081 ], [ 1813788.0688, 592846.0207 ], [ 1816252.6159, 589768.307900000014342 ], [ 1816539.687, 586143.554400000022724 ], [ 1814218.8892, 584948.9804 ], [ 1814650.4483, 582673.06160000001546 ], [ 1815872.5653, 581437.036199999973178 ], [ 1815760.0015, 579578.08019999996759 ], [ 1813391.3141, 577849.936499999952503 ], [ 1812723.8544, 578409.4499 ], [ 1811776.374800000106916, 576797.616799999959767 ], [ 1810068.0216, 575981.082500000018626 ], [ 1809809.427699999883771, 574832.42359999998007 ], [ 1811181.374, 573570.86089999997057 ], [ 1811868.929, 571442.920200000051409 ], [ 1815024.724299999885261, 568713.825199999962933 ], [ 1815630.6139, 569797.5455 ], [ 1819171.9238, 568847.6422 ], [ 1822398.7123, 571867.741799999959767 ], [ 1823582.9211, 571080.622800000011921 ], [ 1824235.6495, 567638.609399999957532 ], [ 1822984.8015, 564804.035400000051595 ], [ 1823700.1109, 561339.6361 ], [ 1823394.3829, 557866.122699999948964 ], [ 1825553.9797, 552854.623999999952503 ], [ 1826598.1972, 552766.018399999942631 ], [ 1827260.6306, 551490.054499999969266 ], [ 1830201.2988, 552030.6348 ], [ 1830696.4309, 549786.822999999974854 ], [ 1833067.3129, 549554.477300000027753 ], [ 1834505.2776, 546975.136999999987893 ], [ 1833614.6923, 546373.989799999981187 ], [ 1833829.2526, 545414.327700000023469 ], [ 1836866.8661, 544104.974999999976717 ], [ 1837888.0785, 540517.688300000037998 ], [ 1840374.0456, 540660.900299999979325 ], [ 1842978.7151, 539702.885699999984354 ], [ 1841504.1423, 538421.174899999983609 ], [ 1842633.493, 535028.12 ], [ 1846369.1217, 533923.103499999968335 ], [ 1848367.0964, 534989.542999999946915 ], [ 1851029.373, 533054.3702 ], [ 1853197.9248, 533223.7121 ], [ 1853689.516099999891594, 534351.477399999974295 ], [ 1855397.442499999888241, 534933.32750000001397 ], [ 1856506.9934, 533329.985699999961071 ], [ 1860396.8124, 531996.9377 ], [ 1861522.645500000100583, 530907.8983 ], [ 1860438.6953, 529765.973299999954179 ], [ 1861962.7273, 528091.346299999975599 ], [ 1862421.427699999883771, 525553.128600000054576 ], [ 1866204.9228, 522652.70250000001397 ], [ 1868062.6144, 522583.9411 ], [ 1869612.8824, 521261.7758 ], [ 1870586.8, 519170.792100000020582 ], [ 1869663.2489, 516595.748199999972712 ], [ 1870082.909, 516007.3123 ], [ 1783681.3295, 502140.335000000020955 ], [ 1647829.0678, 483117.8529 ], [ 1563994.3336, 473395.4068 ], [ 1493724.1382, 466194.8138 ], [ 1492315.0773, 472520.701 ], [ 1489446.808600000105798, 472247.5932 ], [ 1489262.1807, 474188.978500000026543 ], [ 1490429.1156, 474299.832700000028126 ], [ 1489227.482, 474929.652899999986403 ], [ 1490115.4875, 477329.505 ], [ 1490974.6133, 477215.809400000027381 ], [ 1491074.199, 478901.698299999989104 ], [ 1489880.2167, 481169.390200000023469 ], [ 1491323.6809, 482277.679599999974016 ], [ 1491760.499800000106916, 484556.707600000023376 ], [ 1493797.087, 486783.144900000013877 ], [ 1493843.402900000102818, 487898.5895 ], [ 1496524.5112, 489075.457799999974668 ], [ 1496737.283, 490660.9928 ], [ 1494098.0767, 490918.216000000014901 ], [ 1491867.0372, 493005.136500000022352 ], [ 1492834.4978, 497081.2059 ], [ 1495813.4352, 499845.759000000020023 ], [ 1495946.773, 500950.20150000002468 ], [ 1493328.0783, 502254.317700000014156 ], [ 1493120.7485, 504494.277599999972153 ], [ 1491217.7791, 503864.152400000020862 ], [ 1489401.1909, 504439.3899 ], [ 1490427.7745, 507776.2683 ], [ 1488755.7722, 508325.387500000011642 ], [ 1490584.0965, 510469.0196 ], [ 1490553.8573, 514857.669600000022911 ], [ 1491613.4696, 515416.181700000015553 ], [ 1492240.6568, 517940.828099999984261 ], [ 1491233.9619, 521080.896200000017416 ], [ 1492920.5789, 523649.453900000022259 ], [ 1492696.9156, 525996.983 ], [ 1494112.2836, 529776.607399999978952 ], [ 1495502.6501, 531100.273799999966286 ], [ 1495082.2668, 531683.047299999976531 ], [ 1496595.5197, 536407.606600000057369 ], [ 1496151.4036, 537410.5982 ], [ 1498146.7456, 537781.971800000057556 ], [ 1498379.8967, 539523.9438 ], [ 1500272.329, 539708.9998 ], [ 1499854.5925, 544062.881799999973737 ], [ 1501999.3216, 546787.435300000011921 ], [ 1501249.457, 548697.217599999974482 ], [ 1501658.1065, 549941.934 ], [ 1504033.7392, 549559.390499999979511 ], [ 1506348.4486, 547357.2034 ], [ 1507329.4639, 547968.490800000028685 ], [ 1509333.2012, 547306.906300000031479 ], [ 1510532.9487, 548308.924099999945611 ], [ 1509899.9405, 553214.0821 ], [ 1511961.5875, 554280.89159999997355 ], [ 1513066.0909, 556697.1383 ], [ 1515016.4321, 555770.328300000051968 ], [ 1517997.2006, 555834.40659999998752 ], [ 1518741.4727, 556870.79680000001099 ], [ 1519379.9901, 556349.646399999968708 ], [ 1520115.2647, 559549.19019999995362 ], [ 1519292.5816, 565785.335300000035204 ], [ 1523159.2959, 564894.260200000018813 ], [ 1524278.5827, 561690.484399999957532 ], [ 1526703.705800000112504, 561171.428300000028685 ], [ 1531101.1663, 569892.760800000047311 ], [ 1534204.4347, 570252.3687 ], [ 1536002.590799999888986, 568912.4497 ], [ 1536664.882200000109151, 570594.3787 ], [ 1538855.0922, 570275.710199999972247 ], [ 1539027.7396, 572256.373299999977462 ], [ 1539862.749800000106916, 571674.5823 ], [ 1541095.1778, 573089.871000000042841 ], [ 1543751.903299999888986, 573371.0148 ], [ 1542900.1482, 576389.805799999972805 ], [ 1543508.9624, 580993.005 ], [ 1545764.9281, 582334.1583999999566 ], [ 1547414.956, 580960.014399999985471 ], [ 1548083.2984, 581361.6812 ], [ 1547034.708000000100583, 585340.471800000057556 ], [ 1542895.813400000100955, 589397.646599999978207 ], [ 1546275.6435, 589457.1287 ], [ 1546247.846700000111014, 591261.612300000037067 ], [ 1544253.5261, 591894.095800000010058 ], [ 1544393.0747, 593226.728499999968335 ], [ 1546938.9638, 594536.803500000038184 ], [ 1550110.356699999887496, 594404.604700000025332 ], [ 1549621.8815, 598716.270099999965169 ], [ 1550640.7503, 599760.227900000056252 ], [ 1550590.8295, 601234.359500000020489 ], [ 1552337.331, 602923.374300000024959 ], [ 1551490.0959, 604277.2106 ], [ 1552902.7673, 607189.125299999956042 ], [ 1550994.879600000102073, 609315.668399999965914 ], [ 1549502.819700000109151, 613916.192799999960698 ], [ 1549686.2323, 616783.868299999972805 ], [ 1550976.26, 617547.790099999983795 ], [ 1549949.1184, 618699.432799999951385 ], [ 1549915.305299999890849, 621222.943899999954738 ], [ 1546398.3043, 621620.79280000005383 ], [ 1547099.7287, 624752.483800000045449 ], [ 1546692.0329, 626430.405799999949522 ], [ 1549412.1669, 628353.926100000040606 ], [ 1547851.1623, 628536.82550000003539 ], [ 1547759.2777, 632306.948199999984354 ], [ 1552011.7933, 632890.039299999945797 ], [ 1551891.8579, 636089.363499999977648 ], [ 1553334.8754, 635543.254700000048615 ], [ 1556586.2496, 635986.625099999946542 ], [ 1555390.8751, 637939.249300000024959 ], [ 1555991.6028, 639411.975699999951757 ], [ 1552914.6998, 639970.37230000004638 ], [ 1550954.0773, 641545.42339999997057 ], [ 1551337.7589, 643277.410599999944679 ], [ 1550358.186599999899045, 644039.4937 ], [ 1551053.656, 645522.2317 ], [ 1552667.632599999895319, 645755.552099999971688 ], [ 1552285.462, 647605.896599999978207 ], [ 1553517.1198, 650071.01859999995213 ], [ 1553224.7828, 652498.928300000028685 ], [ 1551655.114, 654971.414699999964796 ], [ 1550061.956900000106543, 655209.914800000027753 ], [ 1549628.2209, 656934.800500000012107 ], [ 1551807.3624, 658488.579000000027008 ], [ 1548768.621499999891967, 659672.213299999944866 ], [ 1549368.3577, 661677.1862 ], [ 1548565.7205, 662197.4756 ], [ 1548610.983900000108406, 665965.3297 ], [ 1545772.9837, 667748.127499999944121 ], [ 1544068.9043, 671962.946699999971315 ], [ 1544514.5881, 672348.591200000024401 ], [ 1543349.7566, 673748.707999999984168 ], [ 1543991.7957, 674600.348400000017136 ], [ 1542760.524599999887869, 675799.283500000019558 ], [ 1543068.283, 676881.962500000023283 ], [ 1540922.6202, 679180.8896 ], [ 1541474.1107, 681117.819099999964237 ], [ 1542613.2096, 681725.192700000014156 ], [ 1542224.7678, 683225.1102 ], [ 1539194.0439, 681916.412499999976717 ], [ 1537524.5301, 688160.896799999987707 ], [ 1535417.4308, 689095.265600000042468 ], [ 1535369.646, 690185.358299999963492 ], [ 1532378.8065, 694121.4092 ], [ 1530897.496499999891967, 693261.945700000040233 ], [ 1529895.6309, 693790.755699999979697 ], [ 1530337.3597, 695904.364500000025146 ], [ 1529077.2029, 697079.363200000021607 ], [ 1528811.0689, 698667.6873 ], [ 1529751.2109, 700242.755400000023656 ], [ 1528909.5514, 701643.920999999972992 ], [ 1528307.8277, 701155.603200000012293 ], [ 1526880.051200000103563, 701691.907400000025518 ], [ 1526273.9759, 703274.782400000025518 ], [ 1525448.7871, 703477.4878 ], [ 1525267.5366, 707078.485800000024028 ], [ 1523895.854, 708355.516399999964051 ], [ 1523945.469100000103936, 709619.89249999995809 ], [ 1524966.5179, 710294.330599999986589 ], [ 1524936.4064, 712113.268700000015087 ], [ 1520290.0026, 712341.595100000035018 ], [ 1518148.849, 713897.83019999996759 ], [ 1517927.611500000115484, 714926.712700000032783 ], [ 1519379.0145, 716266.046100000035949 ], [ 1516805.1106, 718930.368299999972805 ], [ 1516552.1011, 720368.175000000046566 ], [ 1517798.9032, 721961.2378 ], [ 1517751.0412, 724503.4288 ], [ 1518588.4386, 726124.306100000045262 ], [ 1518140.47, 726527.7709 ], [ 1515464.4101, 725303.254300000029616 ], [ 1512937.4027, 728996.488299999968149 ], [ 1512532.8739, 732508.202999999979511 ], [ 1514310.8514, 733413.677799999946728 ], [ 1514774.0428, 735657.55039999994915 ], [ 1511893.9496, 737456.109700000029989 ], [ 1512576.192499999888241, 738828.430500000016764 ], [ 1511881.1622, 740876.706699999980628 ], [ 1510466.1319, 741292.606799999950454 ], [ 1510471.590799999888986, 743120.961099999956787 ], [ 1507724.2245, 742493.088299999944866 ], [ 1504677.7799, 744118.3835 ], [ 1504164.5313, 745972.724700000020675 ], [ 1505731.4116, 747252.765200000023469 ], [ 1502810.1287, 749440.310900000040419 ], [ 1501752.9554, 749783.1457 ], [ 1500569.458399999886751, 748733.030200000037439 ], [ 1499487.6245, 750324.319099999964237 ], [ 1497938.9947, 748534.1091 ], [ 1495017.1908, 749005.051499999943189 ], [ 1495856.7515, 751631.118099999963306 ], [ 1495353.169199999887496, 754671.26969999994617 ], [ 1496172.941399999894202, 755874.124500000034459 ], [ 1495962.3015, 760079.6115 ], [ 1493106.449899999890476, 761817.189000000013039 ], [ 1492206.1748, 761910.927799999946728 ], [ 1491870.9084, 761116.538500000024214 ], [ 1490389.6672, 761912.254199999966659 ], [ 1487735.984, 765390.333300000056624 ], [ 1487626.5591, 769606.869700000039302 ], [ 1489564.7981, 771285.499599999981001 ], [ 1488745.035300000105053, 777225.625299999956042 ], [ 1487584.4946, 777149.467599999974482 ], [ 1486429.8278, 778171.561699999962002 ], [ 1485130.878, 777438.849399999948218 ], [ 1483896.0778, 779063.478200000012293 ], [ 1483085.8792, 780934.99710000003688 ], [ 1484484.055, 781956.069499999983236 ], [ 1484157.207, 783238.626700000022538 ], [ 1483886.0599, 784003.069200000027195 ], [ 1481112.736, 785126.134100000024773 ], [ 1482615.692, 787612.638099999981932 ], [ 1481801.0968, 790374.885200000018813 ], [ 1480442.137000000104308, 791574.759399999980815 ], [ 1480963.6473, 793126.865499999956228 ], [ 1483751.397000000113621, 792254.117899999953806 ], [ 1486226.8503, 792892.815900000045076 ], [ 1486885.5131, 795881.950300000025891 ], [ 1484902.1341, 797074.586400000029244 ], [ 1481134.9636, 797674.8295 ], [ 1481175.3887, 799044.620099999941885 ], [ 1482608.714300000108778, 800793.6115 ], [ 1482378.7246, 803056.351400000043213 ], [ 1483231.4088, 804561.852100000018254 ], [ 1484638.7726, 805664.178599999984726 ], [ 1485482.1663, 805108.806499999947846 ], [ 1488850.0148, 806727.2931 ], [ 1488607.8982, 807897.266300000017509 ], [ 1486853.3179, 808962.342900000046939 ], [ 1488119.222, 811085.250099999946542 ], [ 1486968.4633, 812428.2071 ], [ 1487653.3662, 815994.95719999994617 ], [ 1488666.9271, 817220.4229 ], [ 1488397.905899999896064, 819448.167400000034831 ], [ 1493919.1329, 822267.612399999983609 ] ] ] } }
]
}
